day_number,minutes_past_midnight
0,1023
1,1023
2,1024
3,1025
4,1026
5,1027
6,1028
7,1029
8,1030
9,1031
10,1032
11,1033
12,1034
13,1035
14,1036
15,1037
16,1038
17,1039
18,1040
19,1041
20,1042
21,1043
22,1044
23,1046
24,1047
25,1048
26,1049
27,1050
28,1051
29,1052
30,1053
31,1055
32,1056
33,1057
34,1058
35,1059
36,1060
37,1061
38,1063
39,1064
40,1065
41,1066
42,1067
43,1068
44,1069
45,1070
46,1071
47,1072
48,1074
49,1075
50,1076
51,1077
52,1078
53,1079
54,1080
55,1081
56,1082
57,1083
58,1084
59,1085
60,1086
61,1087
62,1088
63,1089
64,1090
65,1091
66,1092
67,1153
68,1154
69,1155
70,1156
71,1157
72,1158
73,1159
74,1160
75,1161
76,1162
77,1163
78,1164
79,1165
80,1166
81,1167
82,1168
83,1169
84,1170
85,1170
86,1171
87,1172
88,1173
89,1174
90,1175
91,1176
92,1177
93,1178
94,1179
95,1180
96,1181
97,1182
98,1183
99,1184
100,1185
101,1185
102,1186
103,1187
104,1188
105,1189
106,1190
107,1191
108,1192
109,1193
110,1194
111,1195
112,1196
113,1197
114,1198
115,1199
116,1200
117,1201
118,1202
119,1202
120,1203
121,1204
122,1205
123,1206
124,1207
125,1208
126,1209
127,1210
128,1211
129,1212
130,1213
131,1214
132,1215
133,1215
134,1216
135,1217
136,1218
137,1219
138,1220
139,1221
140,1221
141,1222
142,1223
143,1224
144,1225
145,1226
146,1226
147,1227
148,1228
149,1228
150,1229
151,1230
152,1231
153,1231
154,1232
155,1232
156,1233
157,1234
158,1234
159,1235
160,1235
161,1236
162,1236
163,1236
164,1237
165,1237
166,1238
167,1238
168,1238
169,1238
170,1239
171,1239
172,1239
173,1239
174,1239
175,1239
176,1240
177,1240
178,1240
179,1240
180,1240
181,1239
182,1239
183,1239
184,1239
185,1239
186,1238
187,1238
188,1238
189,1238
190,1237
191,1237
192,1236
193,1236
194,1235
195,1235
196,1234
197,1234
198,1233
199,1232
200,1232
201,1231
202,1230
203,1230
204,1229
205,1228
206,1227
207,1226
208,1225
209,1224
210,1223
211,1222
212,1221
213,1220
214,1219
215,1218
216,1217
217,1216
218,1215
219,1214
220,1213
221,1212
222,1210
223,1209
224,1208
225,1207
226,1205
227,1204
228,1203
229,1201
230,1200
231,1199
232,1197
233,1196
234,1194
235,1193
236,1192
237,1190
238,1189
239,1187
240,1186
241,1184
242,1183
243,1181
244,1180
245,1178
246,1177
247,1175
248,1174
249,1172
250,1170
251,1169
252,1167
253,1166
254,1164
255,1163
256,1161
257,1159
258,1158
259,1156
260,1155
261,1153
262,1152
263,1150
264,1148
265,1147
266,1145
267,1144
268,1142
269,1140
270,1139
271,1137
272,1136
273,1134
274,1133
275,1131
276,1130
277,1128
278,1127
279,1125
280,1124
281,1122
282,1121
283,1119
284,1118
285,1116
286,1115
287,1113
288,1112
289,1111
290,1109
291,1108
292,1107
293,1105
294,1104
295,1103
296,1101
297,1100
298,1099
299,1098
300,1096
301,1095
302,1094
303,1093
304,1092
305,1031
306,1030
307,1029
308,1028
309,1027
310,1026
311,1025
312,1024
313,1023
314,1022
315,1021
316,1021
317,1020
318,1019
319,1018
320,1018
321,1017
322,1016
323,1016
324,1015
325,1015
326,1014
327,1014
328,1013
329,1013
330,1013
331,1012
332,1012
333,1012
334,1012
335,1012
336,1011
337,1011
338,1011
339,1011
340,1011
341,1011
342,1011
343,1011
344,1012
345,1012
346,1012
347,1012
348,1013
349,1013
350,1013
351,1014
352,1014
353,1015
354,1015
355,1016
356,1016
357,1017
358,1017
359,1018
360,1019
361,1019
362,1020
363,1021
364,1022
365,1022
366,1023
367,1024
368,1025
369,1026
370,1027
371,1028
372,1028
373,1029
374,1030
375,1031
376,1032
377,1033
378,1034
379,1035
380,1037
381,1038
382,1039
383,1040
384,1041
385,1042
386,1043
387,1044
388,1045
389,1046
390,1048
391,1049
392,1050
393,1051
394,1052
395,1053
396,1054
397,1055
398,1057
399,1058
400,1059
401,1060
402,1061
403,1062
404,1063
405,1064
406,1066
407,1067
408,1068
409,1069
410,1070
411,1071
412,1072
413,1073
414,1074
415,1075
416,1077
417,1078
418,1079
419,1080
420,1081
421,1082
422,1083
423,1084
424,1085
425,1086
426,1087
427,1088
428,1089
429,1090
430,1091
431,1152
432,1153
433,1154
434,1155
435,1156
436,1157
437,1158
438,1159
439,1160
440,1161
441,1162
442,1163
443,1164
444,1165
445,1165
446,1166
447,1167
448,1168
449,1169
450,1170
451,1171
452,1172
453,1173
454,1174
455,1175
456,1176
457,1177
458,1178
459,1179
460,1180
461,1181
462,1181
463,1182
464,1183
465,1184
466,1185
467,1186
468,1187
469,1188
470,1189
471,1190
472,1191
473,1192
474,1193
475,1194
476,1195
477,1196
478,1197
479,1198
480,1198
481,1199
482,1200
483,1201
484,1202
485,1203
486,1204
487,1205
488,1206
489,1207
490,1208
491,1209
492,1210
493,1211
494,1212
495,1213
496,1213
497,1214
498,1215
499,1216
500,1217
501,1218
502,1219
503,1220
504,1220
505,1221
506,1222
507,1223
508,1224
509,1225
510,1225
511,1226
512,1227
513,1228
514,1228
515,1229
516,1230
517,1230
518,1231
519,1232
520,1232
521,1233
522,1233
523,1234
524,1235
525,1235
526,1235
527,1236
528,1236
529,1237
530,1237
531,1238
532,1238
533,1238
534,1238
535,1239
536,1239
537,1239
538,1239
539,1239
540,1239
541,1240
542,1240
543,1240
544,1240
545,1240
546,1239
547,1239
548,1239
549,1239
550,1239
551,1239
552,1238
553,1238
554,1238
555,1237
556,1237
557,1236
558,1236
559,1235
560,1235
561,1234
562,1234
563,1233
564,1233
565,1232
566,1231
567,1230
568,1230
569,1229
570,1228
571,1227
572,1226
573,1226
574,1225
575,1224
576,1223
577,1222
578,1221
579,1220
580,1219
581,1218
582,1216
583,1215
584,1214
585,1213
586,1212
587,1211
588,1209
589,1208
590,1207
591,1206
592,1204
593,1203
594,1202
595,1200
596,1199
597,1198
598,1196
599,1195
600,1193
601,1192
602,1190
603,1189
604,1188
605,1186
606,1185
607,1183
608,1182
609,1180
610,1179
611,1177
612,1175
613,1174
614,1172
615,1171
616,1169
617,1168
618,1166
619,1165
620,1163
621,1161
622,1160
623,1158
624,1157
625,1155
626,1153
627,1152
628,1150
629,1149
630,1147
631,1146
632,1144
633,1142
634,1141
635,1139
636,1138
637,1136
638,1135
639,1133
640,1132
641,1130
642,1128
643,1127
644,1125
645,1124
646,1122
647,1121
648,1120
649,1118
650,1117
651,1115
652,1114
653,1112
654,1111
655,1110
656,1108
657,1107
658,1106
659,1104
660,1103
661,1102
662,1100
663,1099
664,1098
665,1097
666,1096
667,1094
668,1093
669,1032
670,1031
671,1030
672,1029
673,1028
674,1027
675,1026
676,1025
677,1024
678,1023
679,1022
680,1022
681,1021
682,1020
683,1019
684,1019
685,1018
686,1017
687,1017
688,1016
689,1015
690,1015
691,1014
692,1014
693,1014
694,1013
695,1013
696,1012
697,1012
698,1012
699,1012
700,1012
701,1011
702,1011
703,1011
704,1011
705,1011
706,1011
707,1011
708,1011
709,1012
710,1012
711,1012
712,1012
713,1013
714,1013
715,1013
716,1014
717,1014
718,1014
719,1015
720,1015
721,1016
722,1017
723,1017
724,1018
725,1018
726,1019
727,1020
728,1021
729,1021
730,1022
731,1023
732,1024
733,1025
734,1026
735,1026
736,1027
737,1028
738,1029
739,1030
740,1031
741,1032
742,1033
743,1034
744,1035
745,1036
746,1037
747,1038
748,1040
749,1041
750,1042
751,1043
752,1044
753,1045
754,1046
755,1047
756,1048
757,1050
758,1051
759,1052
760,1053
761,1054
762,1055
763,1056
764,1057
765,1059
766,1060
767,1061
768,1062
769,1063
770,1064
771,1065
772,1066
773,1068
774,1069
775,1070
776,1071
777,1072
778,1073
779,1074
780,1075
781,1076
782,1077
783,1078
784,1079
785,1080
786,1082
787,1083
788,1084
789,1085
790,1086
791,1087
792,1088
793,1089
794,1090
795,1091
796,1092
797,1093
798,1094
799,1095
800,1096
801,1097
802,1158
803,1159
804,1160
805,1160
806,1161
807,1162
808,1163
809,1164
810,1165
811,1166
812,1167
813,1168
814,1169
815,1170
816,1171
817,1172
818,1173
819,1174
820,1175
821,1176
822,1177
823,1178
824,1178
825,1179
826,1180
827,1181
828,1182
829,1183
830,1184
831,1185
832,1186
833,1187
834,1188
835,1189
836,1190
837,1191
838,1192
839,1193
840,1194
841,1194
842,1195
843,1196
844,1197
845,1198
846,1199
847,1200
848,1201
849,1202
850,1203
851,1204
852,1205
853,1206
854,1207
855,1208
856,1209
857,1210
858,1210
859,1211
860,1212
861,1213
862,1214
863,1215
864,1216
865,1217
866,1218
867,1219
868,1219
869,1220
870,1221
871,1222
872,1223
873,1224
874,1224
875,1225
876,1226
877,1227
878,1227
879,1228
880,1229
881,1230
882,1230
883,1231
884,1231
885,1232
886,1233
887,1233
888,1234
889,1234
890,1235
891,1235
892,1236
893,1236
894,1237
895,1237
896,1237
897,1238
898,1238
899,1238
900,1239
901,1239
902,1239
903,1239
904,1239
905,1239
906,1240
907,1240
908,1240
909,1240
910,1240
911,1239
912,1239
913,1239
914,1239
915,1239
916,1239
917,1238
918,1238
919,1238
920,1237
921,1237
922,1237
923,1236
924,1236
925,1235
926,1235
927,1234
928,1233
929,1233
930,1232
931,1231
932,1231
933,1230
934,1229
935,1228
936,1228
937,1227
938,1226
939,1225
940,1224
941,1223
942,1222
943,1221
944,1220
945,1219
946,1218
947,1217
948,1216
949,1214
950,1213
951,1212
952,1211
953,1210
954,1208
955,1207
956,1206
957,1205
958,1203
959,1202
960,1201
961,1199
962,1198
963,1196
964,1195
965,1194
966,1192
967,1191
968,1189
969,1188
970,1186
971,1185
972,1183
973,1182
974,1180
975,1179
976,1177
977,1176
978,1174
979,1173
980,1171
981,1170
982,1168
983,1167
984,1165
985,1163
986,1162
987,1160
988,1159
989,1157
990,1155
991,1154
992,1152
993,1151
994,1149
995,1148
996,1146
997,1144
998,1143
999,1141
1000,1140
1001,1138
1002,1137
1003,1135
1004,1133
1005,1132
1006,1130
1007,1129
1008,1127
1009,1126
1010,1124
1011,1123
1012,1121
1013,1120
1014,1118
1015,1117
1016,1116
1017,1114
1018,1113
1019,1111
1020,1110
1021,1109
1022,1107
1023,1106
1024,1105
1025,1103
1026,1102
1027,1101
1028,1099
1029,1098
1030,1097
1031,1096
1032,1095
1033,1094
1034,1092
1035,1091
1036,1090
1037,1089
1038,1088
1039,1087
1040,1026
1041,1025
1042,1024
1043,1023
1044,1023
1045,1022
1046,1021
1047,1020
1048,1019
1049,1019
1050,1018
1051,1017
1052,1017
1053,1016
1054,1016
1055,1015
1056,1015
1057,1014
1058,1014
1059,1013
1060,1013
1061,1013
1062,1012
1063,1012
1064,1012
1065,1012
1066,1011
1067,1011
1068,1011
1069,1011
1070,1011
1071,1011
1072,1011
1073,1011
1074,1012
1075,1012
1076,1012
1077,1012
1078,1012
1079,1013
1080,1013
1081,1013
1082,1014
1083,1014
1084,1015
1085,1015
1086,1016
1087,1016
1088,1017
1089,1018
1090,1018
1091,1019
1092,1020
1093,1020
1094,1021
1095,1022
1096,1023
1097,1024
1098,1024
1099,1025
1100,1026
1101,1027
1102,1028
1103,1029
1104,1030
1105,1031
1106,1032
1107,1033
1108,1034
1109,1035
1110,1036
1111,1037
1112,1038
1113,1039
1114,1040
1115,1041
1116,1043
1117,1044
1118,1045
1119,1046
1120,1047
1121,1048
1122,1049
1123,1050
1124,1052
1125,1053
1126,1054
1127,1055
1128,1056
1129,1057
1130,1058
1131,1059
1132,1061
1133,1062
1134,1063
1135,1064
1136,1065
1137,1066
1138,1067
1139,1068
1140,1069
1141,1071
1142,1072
1143,1073
1144,1074
1145,1075
1146,1076
1147,1077
1148,1078
1149,1079
1150,1080
1151,1081
1152,1082
1153,1083
1154,1084
1155,1085
1156,1086
1157,1087
1158,1088
1159,1089
1160,1090
1161,1091
1162,1092
1163,1093
1164,1094
1165,1095
1166,1156
1167,1157
1168,1158
1169,1159
1170,1160
1171,1161
1172,1162
1173,1163
1174,1164
1175,1165
1176,1166
1177,1167
1178,1168
1179,1169
1180,1170
1181,1171
1182,1172
1183,1173
1184,1174
1185,1174
1186,1175
1187,1176
1188,1177
1189,1178
1190,1179
1191,1180
1192,1181
1193,1182
1194,1183
1195,1184
1196,1185
1197,1186
1198,1187
1199,1188
1200,1189
1201,1190
1202,1190
1203,1191
1204,1192
1205,1193
1206,1194
1207,1195
1208,1196
1209,1197
1210,1198
1211,1199
1212,1200
1213,1201
1214,1202
1215,1203
1216,1204
1217,1205
1218,1206
1219,1207
1220,1207
1221,1208
1222,1209
1223,1210
1224,1211
1225,1212
1226,1213
1227,1214
1228,1215
1229,1216
1230,1217
1231,1217
1232,1218
1233,1219
1234,1220
1235,1221
1236,1222
1237,1223
1238,1223
1239,1224
1240,1225
1241,1226
1242,1226
1243,1227
1244,1228
1245,1229
1246,1229
1247,1230
1248,1231
1249,1231
1250,1232
1251,1233
1252,1233
1253,1234
1254,1234
1255,1235
1256,1235
1257,1236
1258,1236
1259,1237
1260,1237
1261,1237
1262,1238
1263,1238
1264,1238
1265,1239
1266,1239
1267,1239
1268,1239
1269,1239
1270,1239
1271,1240
1272,1240
1273,1240
1274,1240
1275,1240
1276,1239
1277,1239
1278,1239
1279,1239
1280,1239
1281,1239
1282,1238
1283,1238
1284,1238
1285,1237
1286,1237
1287,1237
1288,1236
1289,1236
1290,1235
1291,1235
1292,1234
1293,1234
1294,1233
1295,1232
1296,1232
1297,1231
1298,1230
1299,1229
1300,1229
1301,1228
1302,1227
1303,1226
1304,1225
1305,1224
1306,1223
1307,1222
1308,1221
1309,1220
1310,1219
1311,1218
1312,1217
1313,1216
1314,1215
1315,1214
1316,1212
1317,1211
1318,1210
1319,1209
1320,1207
1321,1206
1322,1205
1323,1204
1324,1202
1325,1201
1326,1200
1327,1198
1328,1197
1329,1195
1330,1194
1331,1193
1332,1191
1333,1190
1334,1188
1335,1187
1336,1185
1337,1184
1338,1182
1339,1181
1340,1179
1341,1178
1342,1176
1343,1175
1344,1173
1345,1172
1346,1170
1347,1168
1348,1167
1349,1165
1350,1164
1351,1162
1352,1161
1353,1159
1354,1157
1355,1156
1356,1154
1357,1153
1358,1151
1359,1149
1360,1148
1361,1146
1362,1145
1363,1143
1364,1142
1365,1140
1366,1138
1367,1137
1368,1135
1369,1134
1370,1132
1371,1131
1372,1129
1373,1128
1374,1126
1375,1125
1376,1123
1377,1122
1378,1120
1379,1119
1380,1117
1381,1116
1382,1114
1383,1113
1384,1112
1385,1110
1386,1109
1387,1108
1388,1106
1389,1105
1390,1104
1391,1102
1392,1101
1393,1100
1394,1099
1395,1097
1396,1096
1397,1095
1398,1094
1399,1093
1400,1092
1401,1091
1402,1089
1403,1088
1404,1027
1405,1026
1406,1026
1407,1025
1408,1024
1409,1023
1410,1022
1411,1021
1412,1020
1413,1020
1414,1019
1415,1018
1416,1018
1417,1017
1418,1016
1419,1016
1420,1015
1421,1015
1422,1014
1423,1014
1424,1013
1425,1013
1426,1013
1427,1012
1428,1012
1429,1012
1430,1012
1431,1011
1432,1011
1433,1011
1434,1011
1435,1011
1436,1011
1437,1011
1438,1011
1439,1012
1440,1012
1441,1012
1442,1012
1443,1012
1444,1013
1445,1013
1446,1013
1447,1014
1448,1014
1449,1015
1450,1015
1451,1016
1452,1016
1453,1017
1454,1017
1455,1018
1456,1019
1457,1019
1458,1020
1459,1021
1460,1022
1461,1023
1462,1023
1463,1024
1464,1025
1465,1026
1466,1027
1467,1028
1468,1029
1469,1030
1470,1031
1471,1032
1472,1033
1473,1034
1474,1035
1475,1036
1476,1037
1477,1038
1478,1039
1479,1040
1480,1041
1481,1042
1482,1043
1483,1044
1484,1046
1485,1047
1486,1048
1487,1049
1488,1050
1489,1051
1490,1052
1491,1053
1492,1055
1493,1056
1494,1057
1495,1058
1496,1059
1497,1060
1498,1061
1499,1063
1500,1064
1501,1065
1502,1066
1503,1067
1504,1068
1505,1069
1506,1070
1507,1071
1508,1072
1509,1074
1510,1075
1511,1076
1512,1077
1513,1078
1514,1079
1515,1080
1516,1081
1517,1082
1518,1083
1519,1084
1520,1085
1521,1086
1522,1087
1523,1088
1524,1089
1525,1090
1526,1091
1527,1092
1528,1093
1529,1094
1530,1155
1531,1156
1532,1157
1533,1158
1534,1159
1535,1160
1536,1161
1537,1162
1538,1163
1539,1164
1540,1165
1541,1166
1542,1167
1543,1168
1544,1169
1545,1170
1546,1170
1547,1171
1548,1172
1549,1173
1550,1174
1551,1175
1552,1176
1553,1177
1554,1178
1555,1179
1556,1180
1557,1181
1558,1182
1559,1183
1560,1184
1561,1185
1562,1186
1563,1186
1564,1187
1565,1188
1566,1189
1567,1190
1568,1191
1569,1192
1570,1193
1571,1194
1572,1195
1573,1196
1574,1197
1575,1198
1576,1199
1577,1200
1578,1201
1579,1202
1580,1203
1581,1203
1582,1204
1583,1205
1584,1206
1585,1207
1586,1208
1587,1209
1588,1210
1589,1211
1590,1212
1591,1213
1592,1214
1593,1215
1594,1215
1595,1216
1596,1217
1597,1218
1598,1219
1599,1220
1600,1221
1601,1222
1602,1222
1603,1223
1604,1224
1605,1225
1606,1226
1607,1226
1608,1227
1609,1228
1610,1228
1611,1229
1612,1230
1613,1231
1614,1231
1615,1232
1616,1232
1617,1233
1618,1234
1619,1234
1620,1235
1621,1235
1622,1236
1623,1236
1624,1237
1625,1237
1626,1237
1627,1238
1628,1238
1629,1238
1630,1239
1631,1239
1632,1239
1633,1239
1634,1239
1635,1239
1636,1240
1637,1240
1638,1240
1639,1240
1640,1240
1641,1240
1642,1239
1643,1239
1644,1239
1645,1239
1646,1239
1647,1238
1648,1238
1649,1238
1650,1238
1651,1237
1652,1237
1653,1236
1654,1236
1655,1235
1656,1235
1657,1234
1658,1234
1659,1233
1660,1232
1661,1232
1662,1231
1663,1230
1664,1230
1665,1229
1666,1228
1667,1227
1668,1226
1669,1225
1670,1224
1671,1223
1672,1222
1673,1221
1674,1220
1675,1219
1676,1218
1677,1217
1678,1216
1679,1215
1680,1214
1681,1213
1682,1211
1683,1210
1684,1209
1685,1208
1686,1207
1687,1205
1688,1204
1689,1203
1690,1201
1691,1200
1692,1199
1693,1197
1694,1196
1695,1194
1696,1193
1697,1192
1698,1190
1699,1189
1700,1187
1701,1186
1702,1184
1703,1183
1704,1181
1705,1180
1706,1178
1707,1177
1708,1175
1709,1174
1710,1172
1711,1170
1712,1169
1713,1167
1714,1166
1715,1164
1716,1163
1717,1161
1718,1159
1719,1158
1720,1156
1721,1155
1722,1153
1723,1151
1724,1150
1725,1148
1726,1147
1727,1145
1728,1144
1729,1142
1730,1140
1731,1139
1732,1137
1733,1136
1734,1134
1735,1133
1736,1131
1737,1130
1738,1128
1739,1127
1740,1125
1741,1124
1742,1122
1743,1121
1744,1119
1745,1118
1746,1116
1747,1115
1748,1113
1749,1112
1750,1111
1751,1109
1752,1108
1753,1107
1754,1105
1755,1104
1756,1103
1757,1101
1758,1100
1759,1099
1760,1098
1761,1096
1762,1095
1763,1094
1764,1093
1765,1092
1766,1091
1767,1090
1768,1029
1769,1028
1770,1027
1771,1026
1772,1025
1773,1024
1774,1023
1775,1022
1776,1021
1777,1021
1778,1020
1779,1019
1780,1018
1781,1018
1782,1017
1783,1016
1784,1016
1785,1015
1786,1015
1787,1014
1788,1014
1789,1013
1790,1013
1791,1013
1792,1012
1793,1012
1794,1012
1795,1012
1796,1012
1797,1011
1798,1011
1799,1011
1800,1011
1801,1011
1802,1011
1803,1011
1804,1011
1805,1012
1806,1012
1807,1012
1808,1012
1809,1013
1810,1013
1811,1013
1812,1014
1813,1014
1814,1015
1815,1015
1816,1016
1817,1016
1818,1017
1819,1017
1820,1018
1821,1019
1822,1019
1823,1020
1824,1021
1825,1022
1826,1022
1827,1023
1828,1024
1829,1025
1830,1026
1831,1027
1832,1028
1833,1029
1834,1029
1835,1030
1836,1031
1837,1032
1838,1033
1839,1034
1840,1036
1841,1037
1842,1038
1843,1039
1844,1040
1845,1041
1846,1042
1847,1043
1848,1044
1849,1045
1850,1046
1851,1048
1852,1049
1853,1050
1854,1051
1855,1052
1856,1053
1857,1054
1858,1055
1859,1057
1860,1058
1861,1059
1862,1060
1863,1061
1864,1062
1865,1063
1866,1065
1867,1066
1868,1067
1869,1068
1870,1069
1871,1070
1872,1071
1873,1072
1874,1073
1875,1074
1876,1075
1877,1077
1878,1078
1879,1079
1880,1080
1881,1081
1882,1082
1883,1083
1884,1084
1885,1085
1886,1086
1887,1087
1888,1088
1889,1089
1890,1090
1891,1091
1892,1092
1893,1093
1894,1154
1895,1155
1896,1156
1897,1157
1898,1158
1899,1159
1900,1160
1901,1161
1902,1162
1903,1163
1904,1164
1905,1165
1906,1166
1907,1166
1908,1167
1909,1168
1910,1169
1911,1170
1912,1171
1913,1172
1914,1173
1915,1174
1916,1175
1917,1176
1918,1177
1919,1178
1920,1179
1921,1180
1922,1181
1923,1182
1924,1182
1925,1183
1926,1184
1927,1185
1928,1186
1929,1187
1930,1188
1931,1189
1932,1190
1933,1191
1934,1192
1935,1193
1936,1194
1937,1195
1938,1196
1939,1197
1940,1198
1941,1199
1942,1199
1943,1200
1944,1201
1945,1202
1946,1203
1947,1204
1948,1205
1949,1206
1950,1207
1951,1208
1952,1209
1953,1210
1954,1211
1955,1212
1956,1213
1957,1213
1958,1214
1959,1215
1960,1216
1961,1217
1962,1218
1963,1219
1964,1220
1965,1220
1966,1221
1967,1222
1968,1223
1969,1224
1970,1225
1971,1225
1972,1226
1973,1227
1974,1228
1975,1228
1976,1229
1977,1230
1978,1230
1979,1231
1980,1232
1981,1232
1982,1233
1983,1233
1984,1234
1985,1235
1986,1235
1987,1236
1988,1236
1989,1236
1990,1237
1991,1237
1992,1238
1993,1238
1994,1238
1995,1238
1996,1239
1997,1239
1998,1239
1999,1239
2000,1239
2001,1239
2002,1240
2003,1240
2004,1240
2005,1240
2006,1240
2007,1239
2008,1239
2009,1239
2010,1239
2011,1239
2012,1239
2013,1238
2014,1238
2015,1238
2016,1237
2017,1237
2018,1236
2019,1236
2020,1235
2021,1235
2022,1234
2023,1234
2024,1233
2025,1233
2026,1232
2027,1231
2028,1230
2029,1230
2030,1229
2031,1228
2032,1227
2033,1226
2034,1226
2035,1225
2036,1224
2037,1223
2038,1222
2039,1221
2040,1220
2041,1219
2042,1218
2043,1216
2044,1215
2045,1214
2046,1213
2047,1212
2048,1211
2049,1209
2050,1208
2051,1207
2052,1206
2053,1204
2054,1203
2055,1202
2056,1200
2057,1199
2058,1197
2059,1196
2060,1195
2061,1193
2062,1192
2063,1190
2064,1189
2065,1187
2066,1186
2067,1185
2068,1183
2069,1182
2070,1180
2071,1178
2072,1177
2073,1175
2074,1174
2075,1172
2076,1171
2077,1169
2078,1168
2079,1166
2080,1165
2081,1163
2082,1161
2083,1160
2084,1158
2085,1157
2086,1155
2087,1153
2088,1152
2089,1150
2090,1149
2091,1147
2092,1146
2093,1144
2094,1142
2095,1141
2096,1139
2097,1138
2098,1136
2099,1135
2100,1133
2101,1131
2102,1130
2103,1128
2104,1127
2105,1125
2106,1124
2107,1122
2108,1121
2109,1119
2110,1118
2111,1117
2112,1115
2113,1114
2114,1112
2115,1111
2116,1110
2117,1108
2118,1107
2119,1106
2120,1104
2121,1103
2122,1102
2123,1100
2124,1099
2125,1098
2126,1097
2127,1096
2128,1094
2129,1093
2130,1092
2131,1091
2132,1030
2133,1029
2134,1028
2135,1027
2136,1026
2137,1025
2138,1024
2139,1023
2140,1022
2141,1022
2142,1021
2143,1020
2144,1019
2145,1019
2146,1018
2147,1017
2148,1017
2149,1016
2150,1015
2151,1015
2152,1014
2153,1014
2154,1014
2155,1013
2156,1013
2157,1012
2158,1012
2159,1012
2160,1012
2161,1012
2162,1011
2163,1011
2164,1011
2165,1011
2166,1011
2167,1011
2168,1011
2169,1011
2170,1012
2171,1012
2172,1012
2173,1012
2174,1013
2175,1013
2176,1013
2177,1014
2178,1014
2179,1014
2180,1015
2181,1015
2182,1016
2183,1017
2184,1017
2185,1018
2186,1018
2187,1019
2188,1020
2189,1021
2190,1021
2191,1022
2192,1023
2193,1024
2194,1025
2195,1026
2196,1026
2197,1027
2198,1028
2199,1029
2200,1030
2201,1031
2202,1032
2203,1033
2204,1034
2205,1035
2206,1036
2207,1037
2208,1038
2209,1040
2210,1041
2211,1042
2212,1043
2213,1044
2214,1045
2215,1046
2216,1047
2217,1048
2218,1050
2219,1051
2220,1052
2221,1053
2222,1054
2223,1055
2224,1056
2225,1057
2226,1059
2227,1060
2228,1061
2229,1062
2230,1063
2231,1064
2232,1065
2233,1066
2234,1068
2235,1069
2236,1070
2237,1071
2238,1072
2239,1073
2240,1074
2241,1075
2242,1076
2243,1077
2244,1078
2245,1079
2246,1081
2247,1082
2248,1083
2249,1084
2250,1085
2251,1086
2252,1087
2253,1088
2254,1089
2255,1090
2256,1091
2257,1092
2258,1153
2259,1154
2260,1155
2261,1156
2262,1157
2263,1158
2264,1159
2265,1160
2266,1161
2267,1161
2268,1162
2269,1163
2270,1164
2271,1165
2272,1166
2273,1167
2274,1168
2275,1169
2276,1170
2277,1171
2278,1172
2279,1173
2280,1174
2281,1175
2282,1176
2283,1177
2284,1178
2285,1178
2286,1179
2287,1180
2288,1181
2289,1182
2290,1183
2291,1184
2292,1185
2293,1186
2294,1187
2295,1188
2296,1189
2297,1190
2298,1191
2299,1192
2300,1193
2301,1194
2302,1194
2303,1195
2304,1196
2305,1197
2306,1198
2307,1199
2308,1200
2309,1201
2310,1202
2311,1203
2312,1204
2313,1205
2314,1206
2315,1207
2316,1208
2317,1209
2318,1210
2319,1210
2320,1211
2321,1212
2322,1213
2323,1214
2324,1215
2325,1216
2326,1217
2327,1218
2328,1219
2329,1219
2330,1220
2331,1221
2332,1222
2333,1223
2334,1224
2335,1224
2336,1225
2337,1226
2338,1227
2339,1227
2340,1228
2341,1229
2342,1230
2343,1230
2344,1231
2345,1232
2346,1232
2347,1233
2348,1233
2349,1234
2350,1234
2351,1235
2352,1235
2353,1236
2354,1236
2355,1237
2356,1237
2357,1237
2358,1238
2359,1238
2360,1238
2361,1239
2362,1239
2363,1239
2364,1239
2365,1239
2366,1239
2367,1240
2368,1240
2369,1240
2370,1240
2371,1240
2372,1239
2373,1239
2374,1239
2375,1239
2376,1239
2377,1239
2378,1238
2379,1238
2380,1238
2381,1237
2382,1237
2383,1237
2384,1236
2385,1236
2386,1235
2387,1235
2388,1234
2389,1233
2390,1233
2391,1232
2392,1231
2393,1231
2394,1230
2395,1229
2396,1228
2397,1227
2398,1227
2399,1226
2400,1225
2401,1224
2402,1223
2403,1222
2404,1221
2405,1220
2406,1219
2407,1218
2408,1217
2409,1216
2410,1214
2411,1213
2412,1212
2413,1211
2414,1210
2415,1208
2416,1207
2417,1206
2418,1205
2419,1203
2420,1202
2421,1201
2422,1199
2423,1198
2424,1196
2425,1195
2426,1194
2427,1192
2428,1191
2429,1189
2430,1188
2431,1186
2432,1185
2433,1183
2434,1182
2435,1180
2436,1179
2437,1177
2438,1176
2439,1174
2440,1173
2441,1171
2442,1170
2443,1168
2444,1166
2445,1165
2446,1163
2447,1162
2448,1160
2449,1159
2450,1157
2451,1155
2452,1154
2453,1152
2454,1151
2455,1149
2456,1147
2457,1146
2458,1144
2459,1143
2460,1141
2461,1140
2462,1138
2463,1136
2464,1135
2465,1133
2466,1132
2467,1130
2468,1129
2469,1127
2470,1126
2471,1124
2472,1123
2473,1121
2474,1120
2475,1118
2476,1117
2477,1116
2478,1114
2479,1113
2480,1111
2481,1110
2482,1109
2483,1107
2484,1106
2485,1105
2486,1103
2487,1102
2488,1101
2489,1099
2490,1098
2491,1097
2492,1096
2493,1095
2494,1094
2495,1092
2496,1031
2497,1030
2498,1029
2499,1028
2500,1027
2501,1026
2502,1025
2503,1024
2504,1023
2505,1023
2506,1022
2507,1021
2508,1020
2509,1019
2510,1019
2511,1018
2512,1017
2513,1017
2514,1016
2515,1016
2516,1015
2517,1015
2518,1014
2519,1014
2520,1013
2521,1013
2522,1013
2523,1012
2524,1012
2525,1012
2526,1012
2527,1011
2528,1011
2529,1011
2530,1011
2531,1011
2532,1011
2533,1011
2534,1011
2535,1012
2536,1012
2537,1012
2538,1012
2539,1012
2540,1013
2541,1013
2542,1013
2543,1014
2544,1014
2545,1015
2546,1015
2547,1016
2548,1016
2549,1017
2550,1018
2551,1018
2552,1019
2553,1020
2554,1020
2555,1021
2556,1022
2557,1023
2558,1024
2559,1024
2560,1025
2561,1026
2562,1027
2563,1028
2564,1029
2565,1030
2566,1031
2567,1032
2568,1033
2569,1034
2570,1035
2571,1036
2572,1037
2573,1038
2574,1039
2575,1040
2576,1041
2577,1043
2578,1044
2579,1045
2580,1046
2581,1047
2582,1048
2583,1049
2584,1050
2585,1052
2586,1053
2587,1054
2588,1055
2589,1056
2590,1057
2591,1058
2592,1059
2593,1061
2594,1062
2595,1063
2596,1064
2597,1065
2598,1066
2599,1067
2600,1068
2601,1070
2602,1071
2603,1072
2604,1073
2605,1074
2606,1075
2607,1076
2608,1077
2609,1078
2610,1079
2611,1080
2612,1081
2613,1082
2614,1083
2615,1084
2616,1085
2617,1086
2618,1087
2619,1088
2620,1089
2621,1090
2622,1091
2623,1092
2624,1093
2625,1094
2626,1095
2627,1096
2628,1097
2629,1158
2630,1159
2631,1160
2632,1161
2633,1162
2634,1163
2635,1164
2636,1165
2637,1166
2638,1167
2639,1168
2640,1169
2641,1170
2642,1171
2643,1172
2644,1173
2645,1174
2646,1174
2647,1175
2648,1176
2649,1177
2650,1178
2651,1179
2652,1180
2653,1181
2654,1182
2655,1183
2656,1184
2657,1185
2658,1186
2659,1187
2660,1188
2661,1189
2662,1190
2663,1190
2664,1191
2665,1192
2666,1193
2667,1194
2668,1195
2669,1196
2670,1197
2671,1198
2672,1199
2673,1200
2674,1201
2675,1202
2676,1203
2677,1204
2678,1205
2679,1206
2680,1207
2681,1207
2682,1208
2683,1209
2684,1210
2685,1211
2686,1212
2687,1213
2688,1214
2689,1215
2690,1216
2691,1217
2692,1217
2693,1218
2694,1219
2695,1220
2696,1221
2697,1222
2698,1223
2699,1223
2700,1224
2701,1225
2702,1226
2703,1227
2704,1227
2705,1228
2706,1229
2707,1229
2708,1230
2709,1231
2710,1231
2711,1232
2712,1233
2713,1233
2714,1234
2715,1234
2716,1235
2717,1235
2718,1236
2719,1236
2720,1237
2721,1237
2722,1237
2723,1238
2724,1238
2725,1238
2726,1239
2727,1239
2728,1239
2729,1239
2730,1239
2731,1239
2732,1240
2733,1240
2734,1240
2735,1240
2736,1240
2737,1239
2738,1239
2739,1239
2740,1239
2741,1239
2742,1239
2743,1238
2744,1238
2745,1238
2746,1237
2747,1237
2748,1237
2749,1236
2750,1236
2751,1235
2752,1235
2753,1234
2754,1234
2755,1233
2756,1232
2757,1232
2758,1231
2759,1230
2760,1229
2761,1229
2762,1228
2763,1227
2764,1226
2765,1225
2766,1224
2767,1223
2768,1222
2769,1221
2770,1220
2771,1219
2772,1218
2773,1217
2774,1216
2775,1215
2776,1214
2777,1212
2778,1211
2779,1210
2780,1209
2781,1207
2782,1206
2783,1205
2784,1204
2785,1202
2786,1201
2787,1200
2788,1198
2789,1197
2790,1195
2791,1194
2792,1193
2793,1191
2794,1190
2795,1188
2796,1187
2797,1185
2798,1184
2799,1182
2800,1181
2801,1179
2802,1178
2803,1176
2804,1175
2805,1173
2806,1172
2807,1170
2808,1168
2809,1167
2810,1165
2811,1164
2812,1162
2813,1161
2814,1159
2815,1157
2816,1156
2817,1154
2818,1153
2819,1151
2820,1149
2821,1148
2822,1146
2823,1145
2824,1143
2825,1142
2826,1140
2827,1138
2828,1137
2829,1135
2830,1134
2831,1132
2832,1131
2833,1129
2834,1128
2835,1126
2836,1125
2837,1123
2838,1122
2839,1120
2840,1119
2841,1117
2842,1116
2843,1114
2844,1113
2845,1112
2846,1110
2847,1109
2848,1108
2849,1106
2850,1105
2851,1104
2852,1102
2853,1101
2854,1100
2855,1099
2856,1097
2857,1096
2858,1095
2859,1094
2860,1093
2861,1092
2862,1091
2863,1089
2864,1088
2865,1087
2866,1086
2867,1025
2868,1025
2869,1024
2870,1023
2871,1022
2872,1021
2873,1020
2874,1020
2875,1019
2876,1018
2877,1017
2878,1017
2879,1016
2880,1016
2881,1015
2882,1015
2883,1014
2884,1014
2885,1013
2886,1013
2887,1013
2888,1012
2889,1012
2890,1012
2891,1012
2892,1011
2893,1011
2894,1011
2895,1011
2896,1011
2897,1011
2898,1011
2899,1011
2900,1012
2901,1012
2902,1012
2903,1012
2904,1012
2905,1013
2906,1013
2907,1013
2908,1014
2909,1014
2910,1015
2911,1015
2912,1016
2913,1016
2914,1017
2915,1017
2916,1018
2917,1019
2918,1019
2919,1020
2920,1021
2921,1022
2922,1023
2923,1023
2924,1024
2925,1025
2926,1026
2927,1027
2928,1028
2929,1029
2930,1030
2931,1031
2932,1032
2933,1033
2934,1034
2935,1035
2936,1036
2937,1037
2938,1038
2939,1039
2940,1040
2941,1041
2942,1042
2943,1043
2944,1045
2945,1046
2946,1047
2947,1048
2948,1049
2949,1050
2950,1051
2951,1052
2952,1054
2953,1055
2954,1056
2955,1057
2956,1058
2957,1059
2958,1060
2959,1061
2960,1063
2961,1064
2962,1065
2963,1066
2964,1067
2965,1068
2966,1069
2967,1070
2968,1071
2969,1073
2970,1074
2971,1075
2972,1076
2973,1077
2974,1078
2975,1079
2976,1080
2977,1081
2978,1082
2979,1083
2980,1084
2981,1085
2982,1086
2983,1087
2984,1088
2985,1089
2986,1090
2987,1091
2988,1092
2989,1093
2990,1094
2991,1095
2992,1096
2993,1157
2994,1158
2995,1159
2996,1160
2997,1161
2998,1162
2999,1163
3000,1164
3001,1165
3002,1166
3003,1167
3004,1168
3005,1169
3006,1170
3007,1171
3008,1171
3009,1172
3010,1173
3011,1174
3012,1175
3013,1176
3014,1177
3015,1178
3016,1179
3017,1180
3018,1181
3019,1182
3020,1183
3021,1184
3022,1185
3023,1186
3024,1186
3025,1187
3026,1188
3027,1189
3028,1190
3029,1191
3030,1192
3031,1193
3032,1194
3033,1195
3034,1196
3035,1197
3036,1198
3037,1199
3038,1200
3039,1201
3040,1202
3041,1203
3042,1204
3043,1204
3044,1205
3045,1206
3046,1207
3047,1208
3048,1209
3049,1210
3050,1211
3051,1212
3052,1213
3053,1214
3054,1215
3055,1216
3056,1216
3057,1217
3058,1218
3059,1219
3060,1220
3061,1221
3062,1222
3063,1222
3064,1223
3065,1224
3066,1225
3067,1226
3068,1226
3069,1227
3070,1228
3071,1229
3072,1229
3073,1230
3074,1231
3075,1231
3076,1232
3077,1232
3078,1233
3079,1234
3080,1234
3081,1235
3082,1235
3083,1236
3084,1236
3085,1237
3086,1237
3087,1237
3088,1238
3089,1238
3090,1238
3091,1239
3092,1239
3093,1239
3094,1239
3095,1239
3096,1239
3097,1240
3098,1240
3099,1240
3100,1240
3101,1240
3102,1240
3103,1239
3104,1239
3105,1239
3106,1239
3107,1239
3108,1238
3109,1238
3110,1238
3111,1238
3112,1237
3113,1237
3114,1236
3115,1236
3116,1235
3117,1235
3118,1234
3119,1234
3120,1233
3121,1232
3122,1232
3123,1231
3124,1230
3125,1230
3126,1229
3127,1228
3128,1227
3129,1226
3130,1225
3131,1224
3132,1223
3133,1222
3134,1221
3135,1220
3136,1219
3137,1218
3138,1217
3139,1216
3140,1215
3141,1214
3142,1213
3143,1211
3144,1210
3145,1209
3146,1208
3147,1206
3148,1205
3149,1204
3150,1203
3151,1201
3152,1200
3153,1199
3154,1197
3155,1196
3156,1194
3157,1193
3158,1191
3159,1190
3160,1189
3161,1187
3162,1186
3163,1184
3164,1183
3165,1181
3166,1180
3167,1178
3168,1177
3169,1175
3170,1173
3171,1172
3172,1170
3173,1169
3174,1167
3175,1166
3176,1164
3177,1162
3178,1161
3179,1159
3180,1158
3181,1156
3182,1155
3183,1153
3184,1151
3185,1150
3186,1148
3187,1147
3188,1145
3189,1144
3190,1142
3191,1140
3192,1139
3193,1137
3194,1136
3195,1134
3196,1133
3197,1131
3198,1130
3199,1128
3200,1127
3201,1125
3202,1124
3203,1122
3204,1121
3205,1119
3206,1118
3207,1116
3208,1115
3209,1113
3210,1112
3211,1111
3212,1109
3213,1108
3214,1107
3215,1105
3216,1104
3217,1103
3218,1101
3219,1100
3220,1099
3221,1098
3222,1096
3223,1095
3224,1094
3225,1093
3226,1092
3227,1091
3228,1090
3229,1089
3230,1088
3231,1027
3232,1026
3233,1025
3234,1024
3235,1023
3236,1022
3237,1021
3238,1021
3239,1020
3240,1019
3241,1018
3242,1018
3243,1017
3244,1016
3245,1016
3246,1015
3247,1015
3248,1014
3249,1014
3250,1013
3251,1013
3252,1013
3253,1012
3254,1012
3255,1012
3256,1012
3257,1012
3258,1011
3259,1011
3260,1011
3261,1011
3262,1011
3263,1011
3264,1011
3265,1011
3266,1012
3267,1012
3268,1012
3269,1012
3270,1013
3271,1013
3272,1013
3273,1014
3274,1014
3275,1015
3276,1015
3277,1016
3278,1016
3279,1017
3280,1017
3281,1018
3282,1019
3283,1019
3284,1020
3285,1021
3286,1022
3287,1022
3288,1023
3289,1024
3290,1025
3291,1026
3292,1027
3293,1028
3294,1029
3295,1029
3296,1030
3297,1031
3298,1032
3299,1033
3300,1034
3301,1036
3302,1037
3303,1038
3304,1039
3305,1040
3306,1041
3307,1042
3308,1043
3309,1044
3310,1045
3311,1046
3312,1048
3313,1049
3314,1050
3315,1051
3316,1052
3317,1053
3318,1054
3319,1056
3320,1057
3321,1058
3322,1059
3323,1060
3324,1061
3325,1062
3326,1063
3327,1065
3328,1066
3329,1067
3330,1068
3331,1069
3332,1070
3333,1071
3334,1072
3335,1073
3336,1074
3337,1075
3338,1077
3339,1078
3340,1079
3341,1080
3342,1081
3343,1082
3344,1083
3345,1084
3346,1085
3347,1086
3348,1087
3349,1088
3350,1089
3351,1090
3352,1091
3353,1092
3354,1093
3355,1094
3356,1095
3357,1156
3358,1157
3359,1158
3360,1159
3361,1160
3362,1161
3363,1162
3364,1163
3365,1164
3366,1165
3367,1166
3368,1166
3369,1167
3370,1168
3371,1169
3372,1170
3373,1171
3374,1172
3375,1173
3376,1174
3377,1175
3378,1176
3379,1177
3380,1178
3381,1179
3382,1180
3383,1181
3384,1182
3385,1182
3386,1183
3387,1184
3388,1185
3389,1186
3390,1187
3391,1188
3392,1189
3393,1190
3394,1191
3395,1192
3396,1193
3397,1194
3398,1195
3399,1196
3400,1197
3401,1198
3402,1199
3403,1199
3404,1200
3405,1201
3406,1202
3407,1203
3408,1204
3409,1205
3410,1206
3411,1207
3412,1208
3413,1209
3414,1210
3415,1211
3416,1212
3417,1213
3418,1213
3419,1214
3420,1215
3421,1216
3422,1217
3423,1218
3424,1219
3425,1220
3426,1221
3427,1221
3428,1222
3429,1223
3430,1224
3431,1225
3432,1225
3433,1226
3434,1227
3435,1228
3436,1228
3437,1229
3438,1230
3439,1230
3440,1231
3441,1232
3442,1232
3443,1233
3444,1233
3445,1234
3446,1235
3447,1235
3448,1236
3449,1236
3450,1236
3451,1237
3452,1237
3453,1238
3454,1238
3455,1238
3456,1238
3457,1239
3458,1239
3459,1239
3460,1239
3461,1239
3462,1239
3463,1240
3464,1240
3465,1240
3466,1240
3467,1240
3468,1239
3469,1239
3470,1239
3471,1239
3472,1239
3473,1239
3474,1238
3475,1238
3476,1238
3477,1237
3478,1237
3479,1236
3480,1236
3481,1235
3482,1235
3483,1234
3484,1234
3485,1233
3486,1233
3487,1232
3488,1231
3489,1230
3490,1230
3491,1229
3492,1228
3493,1227
3494,1226
3495,1226
3496,1225
3497,1224
3498,1223
3499,1222
3500,1221
3501,1220
3502,1219
3503,1217
3504,1216
3505,1215
3506,1214
3507,1213
3508,1212
3509,1211
3510,1209
3511,1208
3512,1207
3513,1206
3514,1204
3515,1203
3516,1202
3517,1200
3518,1199
3519,1197
3520,1196
3521,1195
3522,1193
3523,1192
3524,1190
3525,1189
3526,1187
3527,1186
3528,1184
3529,1183
3530,1181
3531,1180
3532,1178
3533,1177
3534,1175
3535,1174
3536,1172
3537,1171
3538,1169
3539,1168
3540,1166
3541,1164
3542,1163
3543,1161
3544,1160
3545,1158
3546,1157
3547,1155
3548,1153
3549,1152
3550,1150
3551,1149
3552,1147
3553,1145
3554,1144
3555,1142
3556,1141
3557,1139
3558,1138
3559,1136
3560,1135
3561,1133
3562,1131
3563,1130
3564,1128
3565,1127
3566,1125
3567,1124
3568,1122
3569,1121
3570,1119
3571,1118
3572,1117
3573,1115
3574,1114
3575,1112
3576,1111
3577,1110
3578,1108
3579,1107
3580,1105
3581,1104
3582,1103
3583,1102
3584,1100
3585,1099
3586,1098
3587,1097
3588,1096
3589,1094
3590,1093
3591,1092
3592,1091
3593,1090
3594,1089
3595,1028
3596,1027
3597,1026
3598,1025
3599,1024
3600,1023
3601,1022
3602,1022
3603,1021
3604,1020
3605,1019
3606,1018
3607,1018
3608,1017
3609,1017
3610,1016
3611,1015
3612,1015
3613,1014
3614,1014
3615,1014
3616,1013
3617,1013
3618,1012
3619,1012
3620,1012
3621,1012
3622,1012
3623,1011
3624,1011
3625,1011
3626,1011
3627,1011
3628,1011
3629,1011
3630,1011
3631,1012
3632,1012
3633,1012
3634,1012
3635,1013
3636,1013
3637,1013
3638,1014
3639,1014
3640,1014
3641,1015
3642,1015
3643,1016
3644,1017
3645,1017
3646,1018
3647,1018
3648,1019
3649,1020
3650,1021
3651,1021
3652,1022
3653,1023
3654,1024
3655,1025
3656,1026
3657,1026
3658,1027
3659,1028
3660,1029
3661,1030
3662,1031
3663,1032
3664,1033
3665,1034
3666,1035
3667,1036
3668,1037
3669,1038
3670,1040
3671,1041
3672,1042
3673,1043
3674,1044
3675,1045
3676,1046
3677,1047
3678,1048
3679,1050
3680,1051
3681,1052
3682,1053
3683,1054
3684,1055
3685,1056
3686,1058
3687,1059
3688,1060
3689,1061
3690,1062
3691,1063
3692,1064
3693,1065
3694,1066
3695,1068
3696,1069
3697,1070
3698,1071
3699,1072
3700,1073
3701,1074
3702,1075
3703,1076
3704,1077
3705,1078
3706,1079
3707,1081
3708,1082
3709,1083
3710,1084
3711,1085
3712,1086
3713,1087
3714,1088
3715,1089
3716,1090
3717,1091
3718,1092
3719,1093
3720,1094
3721,1155
3722,1156
3723,1157
3724,1158
3725,1159
3726,1160
3727,1161
3728,1161
3729,1162
3730,1163
3731,1164
3732,1165
3733,1166
3734,1167
3735,1168
3736,1169
3737,1170
3738,1171
3739,1172
3740,1173
3741,1174
3742,1175
3743,1176
3744,1177
3745,1178
3746,1179
3747,1179
3748,1180
3749,1181
3750,1182
3751,1183
3752,1184
3753,1185
3754,1186
3755,1187
3756,1188
3757,1189
3758,1190
3759,1191
3760,1192
3761,1193
3762,1194
3763,1195
3764,1195
3765,1196
3766,1197
3767,1198
3768,1199
3769,1200
3770,1201
3771,1202
3772,1203
3773,1204
3774,1205
3775,1206
3776,1207
3777,1208
3778,1209
3779,1210
3780,1211
3781,1211
3782,1212
3783,1213
3784,1214
3785,1215
3786,1216
3787,1217
3788,1218
3789,1219
3790,1219
3791,1220
3792,1221
3793,1222
3794,1223
3795,1224
3796,1224
3797,1225
3798,1226
3799,1227
3800,1227
3801,1228
3802,1229
3803,1230
3804,1230
3805,1231
3806,1232
3807,1232
3808,1233
3809,1233
3810,1234
3811,1234
3812,1235
3813,1235
3814,1236
3815,1236
3816,1237
3817,1237
3818,1237
3819,1238
3820,1238
3821,1238
3822,1239
3823,1239
3824,1239
3825,1239
3826,1239
3827,1239
3828,1240
3829,1240
3830,1240
3831,1240
3832,1240
3833,1239
3834,1239
3835,1239
3836,1239
3837,1239
3838,1239
3839,1238
3840,1238
3841,1238
3842,1237
3843,1237
3844,1237
3845,1236
3846,1236
3847,1235
3848,1235
3849,1234
3850,1233
3851,1233
3852,1232
3853,1231
3854,1231
3855,1230
3856,1229
3857,1228
3858,1227
3859,1227
3860,1226
3861,1225
3862,1224
3863,1223
3864,1222
3865,1221
3866,1220
3867,1219
3868,1218
3869,1217
3870,1216
3871,1214
3872,1213
3873,1212
3874,1211
3875,1210
3876,1208
3877,1207
3878,1206
3879,1205
3880,1203
3881,1202
3882,1201
3883,1199
3884,1198
3885,1196
3886,1195
3887,1194
3888,1192
3889,1191
3890,1189
3891,1188
3892,1186
3893,1185
3894,1183
3895,1182
3896,1180
3897,1179
3898,1177
3899,1176
3900,1174
3901,1173
3902,1171
3903,1170
3904,1168
3905,1166
3906,1165
3907,1163
3908,1162
3909,1160
3910,1159
3911,1157
3912,1155
3913,1154
3914,1152
3915,1151
3916,1149
3917,1147
3918,1146
3919,1144
3920,1143
3921,1141
3922,1140
3923,1138
3924,1136
3925,1135
3926,1133
3927,1132
3928,1130
3929,1129
3930,1127
3931,1126
3932,1124
3933,1123
3934,1121
3935,1120
3936,1118
3937,1117
3938,1115
3939,1114
3940,1113
3941,1111
3942,1110
3943,1108
3944,1107
3945,1106
3946,1105
3947,1103
3948,1102
3949,1101
3950,1099
3951,1098
3952,1097
3953,1096
3954,1095
3955,1094
3956,1092
3957,1091
3958,1090
3959,1029
3960,1028
3961,1027
3962,1026
3963,1025
3964,1024
3965,1023
3966,1023
3967,1022
3968,1021
3969,1020
3970,1019
3971,1019
3972,1018
3973,1017
3974,1017
3975,1016
3976,1016
3977,1015
3978,1015
3979,1014
3980,1014
3981,1013
3982,1013
3983,1013
3984,1012
3985,1012
3986,1012
3987,1012
3988,1011
3989,1011
3990,1011
3991,1011
3992,1011
3993,1011
3994,1011
3995,1011
3996,1012
3997,1012
3998,1012
3999,1012
4000,1012
4001,1013
4002,1013
4003,1013
4004,1014
4005,1014
4006,1015
4007,1015
4008,1016
4009,1016
4010,1017
4011,1018
4012,1018
4013,1019
4014,1020
4015,1020
4016,1021
4017,1022
4018,1023
4019,1024
4020,1024
4021,1025
4022,1026
4023,1027
4024,1028
4025,1029
4026,1030
4027,1031
4028,1032
4029,1033
4030,1034
4031,1035
4032,1036
4033,1037
4034,1038
4035,1039
4036,1040
4037,1041
4038,1043
4039,1044
4040,1045
4041,1046
4042,1047
4043,1048
4044,1049
4045,1050
4046,1052
4047,1053
4048,1054
4049,1055
4050,1056
4051,1057
4052,1058
4053,1059
4054,1061
4055,1062
4056,1063
4057,1064
4058,1065
4059,1066
4060,1067
4061,1068
4062,1070
4063,1071
4064,1072
4065,1073
4066,1074
4067,1075
4068,1076
4069,1077
4070,1078
4071,1079
4072,1080
4073,1081
4074,1082
4075,1083
4076,1084
4077,1085
4078,1086
4079,1087
4080,1088
4081,1090
4082,1091
4083,1092
4084,1092
4085,1153
4086,1154
4087,1155
4088,1156
4089,1157
4090,1158
4091,1159
4092,1160
4093,1161
4094,1162
4095,1163
4096,1164
4097,1165
4098,1166
4099,1167
4100,1168
4101,1169
4102,1170
4103,1171
4104,1172
4105,1173
4106,1174
4107,1175
4108,1175
4109,1176
4110,1177
4111,1178
4112,1179
4113,1180
4114,1181
4115,1182
4116,1183
4117,1184
4118,1185
4119,1186
4120,1187
4121,1188
4122,1189
4123,1190
4124,1191
4125,1191
4126,1192
4127,1193
4128,1194
4129,1195
4130,1196
4131,1197
4132,1198
4133,1199
4134,1200
4135,1201
4136,1202
4137,1203
4138,1204
4139,1205
4140,1206
4141,1207
4142,1208
4143,1208
4144,1209
4145,1210
4146,1211
4147,1212
4148,1213
4149,1214
4150,1215
4151,1216
4152,1217
4153,1218
4154,1218
4155,1219
4156,1220
4157,1221
4158,1222
4159,1223
4160,1223
4161,1224
4162,1225
4163,1226
4164,1227
4165,1227
4166,1228
4167,1229
4168,1229
4169,1230
4170,1231
4171,1231
4172,1232
4173,1233
4174,1233
4175,1234
4176,1234
4177,1235
4178,1235
4179,1236
4180,1236
4181,1237
4182,1237
4183,1237
4184,1238
4185,1238
4186,1238
4187,1239
4188,1239
4189,1239
4190,1239
4191,1239
4192,1239
4193,1240
4194,1240
4195,1240
4196,1240
4197,1240
4198,1239
4199,1239
4200,1239
4201,1239
4202,1239
4203,1239
4204,1238
4205,1238
4206,1238
4207,1237
4208,1237
4209,1237
4210,1236
4211,1236
4212,1235
4213,1235
4214,1234
4215,1233
4216,1233
4217,1232
4218,1232
4219,1231
4220,1230
4221,1229
4222,1228
4223,1228
4224,1227
4225,1226
4226,1225
4227,1224
4228,1223
4229,1222
4230,1221
4231,1220
4232,1219
4233,1218
4234,1217
4235,1216
4236,1215
4237,1213
4238,1212
4239,1211
4240,1210
4241,1209
4242,1207
4243,1206
4244,1205
4245,1204
4246,1202
4247,1201
4248,1200
4249,1198
4250,1197
4251,1195
4252,1194
4253,1193
4254,1191
4255,1190
4256,1188
4257,1187
4258,1185
4259,1184
4260,1182
4261,1181
4262,1179
4263,1178
4264,1176
4265,1175
4266,1173
4267,1171
4268,1170
4269,1168
4270,1167
4271,1165
4272,1164
4273,1162
4274,1160
4275,1159
4276,1157
4277,1156
4278,1154
4279,1153
4280,1151
4281,1149
4282,1148
4283,1146
4284,1145
4285,1143
4286,1142
4287,1140
4288,1138
4289,1137
4290,1135
4291,1134
4292,1132
4293,1131
4294,1129
4295,1128
4296,1126
4297,1125
4298,1123
4299,1122
4300,1120
4301,1119
4302,1117
4303,1116
4304,1114
4305,1113
4306,1112
4307,1110
4308,1109
4309,1107
4310,1106
4311,1105
4312,1104
4313,1102
4314,1101
4315,1100
4316,1098
4317,1097
4318,1096
4319,1095
4320,1094
4321,1093
4322,1092
4323,1030
4324,1029
4325,1028
4326,1027
4327,1026
4328,1025
4329,1025
4330,1024
4331,1023
4332,1022
4333,1021
4334,1020
4335,1020
4336,1019
4337,1018
4338,1017
4339,1017
4340,1016
4341,1016
4342,1015
4343,1015
4344,1014
4345,1014
4346,1013
4347,1013
4348,1013
4349,1012
4350,1012
4351,1012
4352,1012
4353,1011
4354,1011
4355,1011
4356,1011
4357,1011
4358,1011
4359,1011
4360,1011
4361,1012
4362,1012
4363,1012
4364,1012
4365,1012
4366,1013
4367,1013
4368,1013
4369,1014
4370,1014
4371,1015
4372,1015
4373,1016
4374,1016
4375,1017
4376,1017
4377,1018
4378,1019
4379,1020
4380,1020
4381,1021
4382,1022
4383,1023
4384,1023
4385,1024
4386,1025
4387,1026
4388,1027
4389,1028
4390,1029
4391,1030
4392,1031
4393,1032
4394,1033
4395,1034
4396,1035
4397,1036
4398,1037
4399,1038
4400,1039
4401,1040
4402,1041
4403,1042
4404,1043
4405,1045
4406,1046
4407,1047
4408,1048
4409,1049
4410,1050
4411,1051
4412,1052
4413,1054
4414,1055
4415,1056
4416,1057
4417,1058
4418,1059
4419,1060
4420,1061
4421,1063
4422,1064
4423,1065
4424,1066
4425,1067
4426,1068
4427,1069
4428,1070
4429,1071
4430,1073
4431,1074
4432,1075
4433,1076
4434,1077
4435,1078
4436,1079
4437,1080
4438,1081
4439,1082
4440,1083
4441,1084
4442,1085
4443,1086
4444,1087
4445,1088
4446,1089
4447,1090
4448,1091
4449,1152
4450,1153
4451,1154
4452,1155
4453,1156
4454,1157
4455,1158
4456,1159
4457,1160
4458,1161
4459,1162
4460,1163
4461,1164
4462,1165
4463,1166
4464,1167
4465,1168
4466,1169
4467,1170
4468,1171
4469,1171
4470,1172
4471,1173
4472,1174
4473,1175
4474,1176
4475,1177
4476,1178
4477,1179
4478,1180
4479,1181
4480,1182
4481,1183
4482,1184
4483,1185
4484,1186
4485,1187
4486,1187
4487,1188
4488,1189
4489,1190
4490,1191
4491,1192
4492,1193
4493,1194
4494,1195
4495,1196
4496,1197
4497,1198
4498,1199
4499,1200
4500,1201
4501,1202
4502,1203
4503,1204
4504,1204
4505,1205
4506,1206
4507,1207
4508,1208
4509,1209
4510,1210
4511,1211
4512,1212
4513,1213
4514,1214
4515,1215
4516,1216
4517,1216
4518,1217
4519,1218
4520,1219
4521,1220
4522,1221
4523,1222
4524,1222
4525,1223
4526,1224
4527,1225
4528,1226
4529,1226
4530,1227
4531,1228
4532,1229
4533,1229
4534,1230
4535,1231
4536,1231
4537,1232
4538,1232
4539,1233
4540,1234
4541,1234
4542,1235
4543,1235
4544,1236
4545,1236
4546,1237
4547,1237
4548,1237
4549,1238
4550,1238
4551,1238
4552,1239
4553,1239
4554,1239
4555,1239
4556,1239
4557,1239
4558,1240
4559,1240
4560,1240
4561,1240
4562,1240
4563,1240
4564,1239
4565,1239
4566,1239
4567,1239
4568,1239
4569,1238
4570,1238
4571,1238
4572,1238
4573,1237
4574,1237
4575,1236
4576,1236
4577,1235
4578,1235
4579,1234
4580,1234
4581,1233
4582,1232
4583,1232
4584,1231
4585,1230
4586,1229
4587,1229
4588,1228
4589,1227
4590,1226
4591,1225
4592,1224
4593,1223
4594,1222
4595,1221
4596,1220
4597,1219
4598,1218
4599,1217
4600,1216
4601,1215
4602,1214
4603,1213
4604,1211
4605,1210
4606,1209
4607,1208
4608,1206
4609,1205
4610,1204
4611,1203
4612,1201
4613,1200
4614,1198
4615,1197
4616,1196
4617,1194
4618,1193
4619,1191
4620,1190
4621,1189
4622,1187
4623,1186
4624,1184
4625,1183
4626,1181
4627,1180
4628,1178
4629,1176
4630,1175
4631,1173
4632,1172
4633,1170
4634,1169
4635,1167
4636,1166
4637,1164
4638,1162
4639,1161
4640,1159
4641,1158
4642,1156
4643,1155
4644,1153
4645,1151
4646,1150
4647,1148
4648,1147
4649,1145
4650,1143
4651,1142
4652,1140
4653,1139
4654,1137
4655,1136
4656,1134
4657,1133
4658,1131
4659,1129
4660,1128
4661,1126
4662,1125
4663,1123
4664,1122
4665,1121
4666,1119
4667,1118
4668,1116
4669,1115
4670,1113
4671,1112
4672,1111
4673,1109
4674,1108
4675,1106
4676,1105
4677,1104
4678,1103
4679,1101
4680,1100
4681,1099
4682,1098
4683,1096
4684,1095
4685,1094
4686,1093
4687,1032
4688,1031
4689,1030
4690,1029
4691,1028
4692,1027
4693,1026
4694,1025
4695,1024
4696,1023
4697,1022
4698,1021
4699,1021
4700,1020
4701,1019
4702,1018
4703,1018
4704,1017
4705,1016
4706,1016
4707,1015
4708,1015
4709,1014
4710,1014
4711,1013
4712,1013
4713,1013
4714,1012
4715,1012
4716,1012
4717,1012
4718,1012
4719,1011
4720,1011
4721,1011
4722,1011
4723,1011
4724,1011
4725,1011
4726,1011
4727,1012
4728,1012
4729,1012
4730,1012
4731,1013
4732,1013
4733,1013
4734,1014
4735,1014
4736,1015
4737,1015
4738,1016
4739,1016
4740,1017
4741,1017
4742,1018
4743,1019
4744,1019
4745,1020
4746,1021
4747,1022
4748,1022
4749,1023
4750,1024
4751,1025
4752,1026
4753,1027
4754,1028
4755,1029
4756,1030
4757,1030
4758,1031
4759,1032
4760,1033
4761,1035
4762,1036
4763,1037
4764,1038
4765,1039
4766,1040
4767,1041
4768,1042
4769,1043
4770,1044
4771,1045
4772,1046
4773,1048
4774,1049
4775,1050
4776,1051
4777,1052
4778,1053
4779,1054
4780,1056
4781,1057
4782,1058
4783,1059
4784,1060
4785,1061
4786,1062
4787,1063
4788,1065
4789,1066
4790,1067
4791,1068
4792,1069
4793,1070
4794,1071
4795,1072
4796,1073
4797,1074
4798,1076
4799,1077
4800,1078
4801,1079
4802,1080
4803,1081
4804,1082
4805,1083
4806,1084
4807,1085
4808,1086
4809,1087
4810,1088
4811,1089
4812,1090
4813,1091
4814,1092
4815,1093
4816,1094
4817,1095
4818,1096
4819,1097
4820,1098
4821,1099
4822,1100
4823,1101
4824,1102
4825,1103
4826,1104
4827,1105
4828,1106
4829,1107
4830,1107
4831,1108
4832,1109
4833,1110
4834,1111
4835,1112
4836,1113
4837,1114
4838,1115
4839,1116
4840,1117
4841,1118
4842,1119
4843,1120
4844,1121
4845,1122
4846,1123
4847,1123
4848,1124
4849,1125
4850,1126
4851,1127
4852,1128
4853,1129
4854,1130
4855,1131
4856,1132
4857,1133
4858,1134
4859,1135
4860,1136
4861,1137
4862,1138
4863,1139
4864,1140
4865,1140
4866,1141
4867,1142
4868,1143
4869,1144
4870,1145
4871,1146
4872,1147
4873,1148
4874,1149
4875,1150
4876,1151
4877,1152
4878,1153
4879,1154
4880,1154
4881,1155
4882,1156
4883,1157
4884,1158
4885,1159
4886,1160
4887,1161
4888,1161
4889,1162
4890,1163
4891,1164
4892,1165
4893,1165
4894,1166
4895,1167
4896,1168
4897,1168
4898,1169
4899,1170
4900,1170
4901,1171
4902,1172
4903,1172
4904,1173
4905,1174
4906,1174
4907,1175
4908,1175
4909,1176
4910,1176
4911,1176
4912,1177
4913,1177
4914,1178
4915,1178
4916,1178
4917,1178
4918,1179
4919,1179
4920,1179
4921,1179
4922,1179
4923,1180
4924,1180
4925,1180
4926,1180
4927,1180
4928,1180
4929,1179
4930,1179
4931,1179
4932,1179
4933,1179
4934,1179
4935,1178
4936,1178
4937,1178
4938,1177
4939,1177
4940,1176
4941,1176
4942,1175
4943,1175
4944,1174
4945,1174
4946,1173
4947,1173
4948,1172
4949,1171
4950,1170
4951,1170
4952,1169
4953,1168
4954,1167
4955,1166
4956,1165
4957,1165
4958,1164
4959,1163
4960,1162
4961,1161
4962,1160
4963,1159
4964,1157
4965,1156
4966,1155
4967,1154
4968,1153
4969,1152
4970,1150
4971,1149
4972,1148
4973,1147
4974,1145
4975,1144
4976,1143
4977,1142
4978,1140
4979,1139
4980,1137
4981,1136
4982,1135
4983,1133
4984,1132
4985,1130
4986,1129
4987,1127
4988,1126
4989,1124
4990,1123
4991,1121
4992,1120
4993,1118
4994,1117
4995,1115
4996,1114
4997,1112
4998,1111
4999,1109
5000,1108
5001,1106
5002,1104
5003,1103
5004,1101
5005,1100
5006,1098
5007,1097
5008,1095
5009,1093
5010,1092
5011,1090
5012,1089
5013,1087
5014,1085
5015,1084
5016,1082
5017,1081
5018,1079
5019,1078
5020,1076
5021,1074
5022,1073
5023,1071
5024,1070
5025,1068
5026,1067
5027,1065
5028,1064
5029,1062
5030,1061
5031,1059
5032,1058
5033,1056
5034,1055
5035,1054
5036,1052
5037,1051
5038,1049
5039,1048
5040,1047
5041,1045
5042,1044
5043,1043
5044,1042
5045,1040
5046,1039
5047,1038
5048,1037
5049,1035
5050,1034
5051,1033
5052,1032
5053,1031
5054,1030
5055,1029
5056,1028
5057,1027
5058,1026
5059,1025
5060,1024
5061,1023
5062,1022
5063,1021
5064,1021
5065,1020
5066,1019
5067,1018
5068,1018
5069,1017
5070,1017
5071,1016
5072,1015
5073,1015
5074,1014
5075,1014
5076,1014
5077,1013
5078,1013
5079,1012
5080,1012
5081,1012
5082,1012
5083,1012
5084,1011
5085,1011
5086,1011
5087,1011
5088,1011
5089,1011
5090,1011
5091,1011
5092,1012
5093,1012
5094,1012
5095,1012
5096,1013
5097,1013
5098,1013
5099,1014
5100,1014
5101,1014
5102,1015
5103,1015
5104,1016
5105,1017
5106,1017
5107,1018
5108,1018
5109,1019
5110,1020
5111,1021
5112,1021
5113,1022
5114,1023
5115,1024
5116,1025
5117,1026
5118,1026
5119,1027
5120,1028
5121,1029
5122,1030
5123,1031
5124,1032
5125,1033
5126,1034
5127,1035
5128,1036
5129,1037
5130,1038
5131,1040
5132,1041
5133,1042
5134,1043
5135,1044
5136,1045
5137,1046
5138,1047
5139,1048
5140,1050
5141,1051
5142,1052
5143,1053
5144,1054
5145,1055
5146,1056
5147,1058
5148,1059
5149,1060
5150,1061
5151,1062
5152,1063
5153,1064
5154,1065
5155,1067
5156,1068
5157,1069
5158,1070
5159,1071
5160,1072
5161,1073
5162,1074
5163,1075
5164,1076
5165,1077
5166,1078
5167,1080
5168,1081
5169,1082
5170,1083
5171,1084
5172,1085
5173,1086
5174,1087
5175,1088
5176,1089
5177,1090
5178,1091
5179,1092
5180,1093
5181,1094
5182,1095
5183,1096
5184,1097
5185,1098
5186,1099
5187,1100
5188,1101
5189,1102
5190,1102
5191,1103
5192,1104
5193,1105
5194,1106
5195,1107
5196,1108
5197,1109
5198,1110
5199,1111
5200,1112
5201,1113
5202,1114
5203,1115
5204,1116
5205,1117
5206,1118
5207,1119
5208,1119
5209,1120
5210,1121
5211,1122
5212,1123
5213,1124
5214,1125
5215,1126
5216,1127
5217,1128
5218,1129
5219,1130
5220,1131
5221,1132
5222,1133
5223,1134
5224,1135
5225,1136
5226,1136
5227,1137
5228,1138
5229,1139
5230,1140
5231,1141
5232,1142
5233,1143
5234,1144
5235,1145
5236,1146
5237,1147
5238,1148
5239,1149
5240,1150
5241,1151
5242,1151
5243,1152
5244,1153
5245,1154
5246,1155
5247,1156
5248,1157
5249,1158
5250,1159
5251,1159
5252,1160
5253,1161
5254,1162
5255,1163
5256,1164
5257,1164
5258,1165
5259,1166
5260,1167
5261,1167
5262,1168
5263,1169
5264,1170
5265,1170
5266,1171
5267,1172
5268,1172
5269,1173
5270,1173
5271,1174
5272,1174
5273,1175
5274,1175
5275,1176
5276,1176
5277,1177
5278,1177
5279,1178
5280,1178
5281,1178
5282,1178
5283,1179
5284,1179
5285,1179
5286,1179
5287,1179
5288,1179
5289,1180
5290,1180
5291,1180
5292,1180
5293,1180
5294,1179
5295,1179
5296,1179
5297,1179
5298,1179
5299,1179
5300,1178
5301,1178
5302,1178
5303,1177
5304,1177
5305,1177
5306,1176
5307,1176
5308,1175
5309,1175
5310,1174
5311,1173
5312,1173
5313,1172
5314,1171
5315,1171
5316,1170
5317,1169
5318,1168
5319,1167
5320,1167
5321,1166
5322,1165
5323,1164
5324,1163
5325,1162
5326,1161
5327,1160
5328,1159
5329,1158
5330,1157
5331,1155
5332,1154
5333,1153
5334,1152
5335,1151
5336,1150
5337,1148
5338,1147
5339,1146
5340,1144
5341,1143
5342,1142
5343,1140
5344,1139
5345,1138
5346,1136
5347,1135
5348,1134
5349,1132
5350,1131
5351,1129
5352,1128
5353,1126
5354,1125
5355,1123
5356,1122
5357,1120
5358,1119
5359,1117
5360,1116
5361,1114
5362,1113
5363,1111
5364,1109
5365,1108
5366,1106
5367,1105
5368,1103
5369,1102
5370,1100
5371,1098
5372,1097
5373,1095
5374,1094
5375,1092
5376,1091
5377,1089
5378,1087
5379,1086
5380,1084
5381,1083
5382,1081
5383,1080
5384,1078
5385,1076
5386,1075
5387,1073
5388,1072
5389,1070
5390,1069
5391,1067
5392,1066
5393,1064
5394,1063
5395,1061
5396,1060
5397,1058
5398,1057
5399,1055
5400,1054
5401,1053
5402,1051
5403,1050
5404,1048
5405,1047
5406,1046
5407,1044
5408,1043
5409,1042
5410,1041
5411,1039
5412,1038
5413,1037
5414,1036
5415,1035
5416,1033
5417,1032
5418,1031
5419,1030
5420,1029
5421,1028
5422,1027
5423,1026
5424,1025
5425,1024
5426,1023
5427,1023
5428,1022
5429,1021
5430,1020
5431,1019
5432,1019
5433,1018
5434,1017
5435,1017
5436,1016
5437,1016
5438,1015
5439,1014
5440,1014
5441,1014
5442,1013
5443,1013
5444,1013
5445,1012
5446,1012
5447,1012
5448,1012
5449,1011
5450,1011
5451,1011
5452,1011
5453,1011
5454,1011
5455,1011
5456,1011
5457,1012
5458,1012
5459,1012
5460,1012
5461,1012
5462,1013
5463,1013
5464,1013
5465,1014
5466,1014
5467,1015
5468,1015
5469,1016
5470,1016
5471,1017
5472,1018
5473,1018
5474,1019
5475,1020
5476,1020
5477,1021
5478,1022
5479,1023
5480,1024
5481,1024
5482,1025
5483,1026
5484,1027
5485,1028
5486,1029
5487,1030
5488,1031
5489,1032
5490,1033
5491,1034
5492,1035
5493,1036
5494,1037
5495,1038
5496,1039
5497,1040
5498,1041
5499,1043
5500,1044
5501,1045
5502,1046
5503,1047
5504,1048
5505,1049
5506,1050
5507,1052
5508,1053
5509,1054
5510,1055
5511,1056
5512,1057
5513,1058
5514,1060
5515,1061
5516,1062
5517,1063
5518,1064
5519,1065
5520,1066
5521,1067
5522,1068
5523,1070
5524,1071
5525,1072
5526,1073
5527,1074
5528,1075
5529,1076
5530,1077
5531,1078
5532,1079
5533,1080
5534,1081
5535,1082
5536,1083
5537,1084
5538,1085
5539,1086
5540,1088
5541,1089
5542,1090
5543,1091
5544,1092
5545,1093
5546,1094
5547,1094
5548,1095
5549,1096
5550,1097
5551,1098
5552,1099
5553,1100
5554,1101
5555,1102
5556,1103
5557,1104
5558,1105
5559,1106
5560,1107
5561,1108
5562,1109
5563,1110
5564,1111
5565,1112
5566,1113
5567,1114
5568,1115
5569,1115
5570,1116
5571,1117
5572,1118
5573,1119
5574,1120
5575,1121
5576,1122
5577,1123
5578,1124
5579,1125
5580,1126
5581,1127
5582,1128
5583,1129
5584,1130
5585,1131
5586,1131
5587,1132
5588,1133
5589,1134
5590,1135
5591,1136
5592,1137
5593,1138
5594,1139
5595,1140
5596,1141
5597,1142
5598,1143
5599,1144
5600,1145
5601,1146
5602,1147
5603,1148
5604,1148
5605,1149
5606,1150
5607,1151
5608,1152
5609,1153
5610,1154
5611,1155
5612,1156
5613,1157
5614,1158
5615,1158
5616,1159
5617,1160
5618,1161
5619,1162
5620,1163
5621,1163
5622,1164
5623,1165
5624,1166
5625,1167
5626,1167
5627,1168
5628,1169
5629,1169
5630,1170
5631,1171
5632,1171
5633,1172
5634,1173
5635,1173
5636,1174
5637,1174
5638,1175
5639,1175
5640,1176
5641,1176
5642,1177
5643,1177
5644,1177
5645,1178
5646,1178
5647,1178
5648,1179
5649,1179
5650,1179
5651,1179
5652,1179
5653,1179
5654,1180
5655,1180
5656,1180
5657,1180
5658,1180
5659,1179
5660,1179
5661,1179
5662,1179
5663,1179
5664,1179
5665,1178
5666,1178
5667,1178
5668,1177
5669,1177
5670,1177
5671,1176
5672,1176
5673,1175
5674,1175
5675,1174
5676,1173
5677,1173
5678,1172
5679,1172
5680,1171
5681,1170
5682,1169
5683,1168
5684,1168
5685,1167
5686,1166
5687,1165
5688,1164
5689,1163
5690,1162
5691,1161
5692,1160
5693,1159
5694,1158
5695,1157
5696,1156
5697,1155
5698,1153
5699,1152
5700,1151
5701,1150
5702,1149
5703,1147
5704,1146
5705,1145
5706,1143
5707,1142
5708,1141
5709,1139
5710,1138
5711,1137
5712,1135
5713,1134
5714,1132
5715,1131
5716,1130
5717,1128
5718,1127
5719,1125
5720,1124
5721,1122
5722,1121
5723,1119
5724,1118
5725,1116
5726,1115
5727,1113
5728,1111
5729,1110
5730,1108
5731,1107
5732,1105
5733,1104
5734,1102
5735,1100
5736,1099
5737,1097
5738,1096
5739,1094
5740,1093
5741,1091
5742,1089
5743,1088
5744,1086
5745,1085
5746,1083
5747,1081
5748,1080
5749,1078
5750,1077
5751,1075
5752,1074
5753,1072
5754,1071
5755,1069
5756,1068
5757,1066
5758,1065
5759,1063
5760,1062
5761,1060
5762,1059
5763,1057
5764,1056
5765,1054
5766,1053
5767,1052
5768,1050
5769,1049
5770,1047
5771,1046
5772,1045
5773,1043
5774,1042
5775,1041
5776,1040
5777,1038
5778,1037
5779,1036
5780,1035
5781,1034
5782,1033
5783,1032
5784,1030
5785,1029
5786,1028
5787,1027
5788,1026
5789,1025
5790,1024
5791,1024
5792,1023
5793,1022
5794,1021
5795,1020
5796,1020
5797,1019
5798,1018
5799,1017
5800,1017
5801,1016
5802,1016
5803,1015
5804,1015
5805,1014
5806,1014
5807,1013
5808,1013
5809,1013
5810,1012
5811,1012
5812,1012
5813,1012
5814,1011
5815,1011
5816,1011
5817,1011
5818,1011
5819,1011
5820,1011
5821,1011
5822,1012
5823,1012
5824,1012
5825,1012
5826,1012
5827,1013
5828,1013
5829,1013
5830,1014
5831,1014
5832,1015
5833,1015
5834,1016
5835,1016
5836,1017
5837,1017
5838,1018
5839,1019
5840,1020
5841,1020
5842,1021
5843,1022
5844,1023
5845,1023
5846,1024
5847,1025
5848,1026
5849,1027
5850,1028
5851,1029
5852,1030
5853,1031
5854,1032
5855,1033
5856,1034
5857,1035
5858,1036
5859,1037
5860,1038
5861,1039
5862,1040
5863,1041
5864,1042
5865,1043
5866,1045
5867,1046
5868,1047
5869,1048
5870,1049
5871,1050
5872,1051
5873,1052
5874,1054
5875,1055
5876,1056
5877,1057
5878,1058
5879,1059
5880,1060
5881,1061
5882,1063
5883,1064
5884,1065
5885,1066
5886,1067
5887,1068
5888,1069
5889,1070
5890,1071
5891,1073
5892,1074
5893,1075
5894,1076
5895,1077
5896,1078
5897,1079
5898,1080
5899,1081
5900,1082
5901,1083
5902,1084
5903,1085
5904,1086
5905,1087
5906,1088
5907,1089
5908,1090
5909,1091
5910,1092
5911,1093
5912,1094
5913,1095
5914,1096
5915,1097
5916,1098
5917,1099
5918,1100
5919,1101
5920,1102
5921,1103
5922,1104
5923,1105
5924,1106
5925,1107
5926,1108
5927,1109
5928,1110
5929,1111
5930,1111
5931,1112
5932,1113
5933,1114
5934,1115
5935,1116
5936,1117
5937,1118
5938,1119
5939,1120
5940,1121
5941,1122
5942,1123
5943,1124
5944,1125
5945,1126
5946,1127
5947,1127
5948,1128
5949,1129
5950,1130
5951,1131
5952,1132
5953,1133
5954,1134
5955,1135
5956,1136
5957,1137
5958,1138
5959,1139
5960,1140
5961,1141
5962,1142
5963,1143
5964,1144
5965,1145
5966,1145
5967,1146
5968,1147
5969,1148
5970,1149
5971,1150
5972,1151
5973,1152
5974,1153
5975,1154
5976,1155
5977,1156
5978,1156
5979,1157
5980,1158
5981,1159
5982,1160
5983,1161
5984,1162
5985,1162
5986,1163
5987,1164
5988,1165
5989,1166
5990,1166
5991,1167
5992,1168
5993,1169
5994,1169
5995,1170
5996,1171
5997,1171
5998,1172
5999,1173
6000,1173
6001,1174
6002,1174
6003,1175
6004,1175
6005,1176
6006,1176
6007,1177
6008,1177
6009,1177
6010,1178
6011,1178
6012,1178
6013,1179
6014,1179
6015,1179
6016,1179
6017,1179
6018,1179
6019,1180
6020,1180
6021,1180
6022,1180
6023,1180
6024,1180
6025,1179
6026,1179
6027,1179
6028,1179
6029,1179
6030,1178
6031,1178
6032,1178
6033,1178
6034,1177
6035,1177
6036,1176
6037,1176
6038,1175
6039,1175
6040,1174
6041,1174
6042,1173
6043,1172
6044,1172
6045,1171
6046,1170
6047,1169
6048,1169
6049,1168
6050,1167
6051,1166
6052,1165
6053,1164
6054,1163
6055,1162
6056,1161
6057,1160
6058,1159
6059,1158
6060,1157
6061,1156
6062,1155
6063,1154
6064,1153
6065,1151
6066,1150
6067,1149
6068,1148
6069,1146
6070,1145
6071,1144
6072,1142
6073,1141
6074,1140
6075,1138
6076,1137
6077,1136
6078,1134
6079,1133
6080,1131
6081,1130
6082,1128
6083,1127
6084,1126
6085,1124
6086,1123
6087,1121
6088,1120
6089,1118
6090,1116
6091,1115
6092,1113
6093,1112
6094,1110
6095,1109
6096,1107
6097,1106
6098,1104
6099,1102
6100,1101
6101,1099
6102,1098
6103,1096
6104,1094
6105,1093
6106,1091
6107,1090
6108,1088
6109,1087
6110,1085
6111,1083
6112,1082
6113,1080
6114,1079
6115,1077
6116,1076
6117,1074
6118,1073
6119,1071
6120,1069
6121,1068
6122,1066
6123,1065
6124,1063
6125,1062
6126,1060
6127,1059
6128,1058
6129,1056
6130,1055
6131,1053
6132,1052
6133,1050
6134,1049
6135,1048
6136,1046
6137,1045
6138,1044
6139,1042
6140,1041
6141,1040
6142,1039
6143,1038
6144,1036
6145,1035
6146,1034
6147,1033
6148,1032
6149,1031
6150,1030
6151,1029
6152,1028
6153,1027
6154,1026
6155,1025
6156,1024
6157,1023
6158,1022
6159,1021
6160,1020
6161,1020
6162,1019
6163,1018
6164,1018
6165,1017
6166,1016
6167,1016
6168,1015
6169,1015
6170,1014
6171,1014
6172,1013
6173,1013
6174,1013
6175,1012
6176,1012
6177,1012
6178,1012
6179,1012
6180,1011
6181,1011
6182,1011
6183,1011
6184,1011
6185,1011
6186,1011
6187,1011
6188,1012
6189,1012
6190,1012
6191,1012
6192,1013
6193,1013
6194,1013
6195,1014
6196,1014
6197,1015
6198,1015
6199,1016
6200,1016
6201,1017
6202,1017
6203,1018
6204,1019
6205,1019
6206,1020
6207,1021
6208,1022
6209,1022
6210,1023
6211,1024
6212,1025
6213,1026
6214,1027
6215,1028
6216,1029
6217,1030
6218,1030
6219,1031
6220,1032
6221,1034
6222,1035
6223,1036
6224,1037
6225,1038
6226,1039
6227,1040
6228,1041
6229,1042
6230,1043
6231,1044
6232,1045
6233,1047
6234,1048
6235,1049
6236,1050
6237,1051
6238,1052
6239,1053
6240,1054
6241,1056
6242,1057
6243,1058
6244,1059
6245,1060
6246,1061
6247,1062
6248,1063
6249,1065
6250,1066
6251,1067
6252,1068
6253,1069
6254,1070
6255,1071
6256,1072
6257,1073
6258,1074
6259,1076
6260,1077
6261,1078
6262,1079
6263,1080
6264,1081
6265,1082
6266,1083
6267,1084
6268,1085
6269,1086
6270,1087
6271,1088
6272,1089
6273,1090
6274,1091
6275,1092
6276,1093
6277,1094
6278,1095
6279,1096
6280,1097
6281,1098
6282,1099
6283,1100
6284,1101
6285,1102
6286,1103
6287,1104
6288,1105
6289,1106
6290,1107
6291,1107
6292,1108
6293,1109
6294,1110
6295,1111
6296,1112
6297,1113
6298,1114
6299,1115
6300,1116
6301,1117
6302,1118
6303,1119
6304,1120
6305,1121
6306,1122
6307,1123
6308,1123
6309,1124
6310,1125
6311,1126
6312,1127
6313,1128
6314,1129
6315,1130
6316,1131
6317,1132
6318,1133
6319,1134
6320,1135
6321,1136
6322,1137
6323,1138
6324,1139
6325,1140
6326,1141
6327,1141
6328,1142
6329,1143
6330,1144
6331,1145
6332,1146
6333,1147
6334,1148
6335,1149
6336,1150
6337,1151
6338,1152
6339,1153
6340,1154
6341,1154
6342,1155
6343,1156
6344,1157
6345,1158
6346,1159
6347,1160
6348,1161
6349,1161
6350,1162
6351,1163
6352,1164
6353,1165
6354,1165
6355,1166
6356,1167
6357,1168
6358,1168
6359,1169
6360,1170
6361,1170
6362,1171
6363,1172
6364,1172
6365,1173
6366,1174
6367,1174
6368,1175
6369,1175
6370,1176
6371,1176
6372,1176
6373,1177
6374,1177
6375,1178
6376,1178
6377,1178
6378,1178
6379,1179
6380,1179
6381,1179
6382,1179
6383,1179
6384,1180
6385,1180
6386,1180
6387,1180
6388,1180
6389,1180
6390,1179
6391,1179
6392,1179
6393,1179
6394,1179
6395,1179
6396,1178
6397,1178
6398,1178
6399,1177
6400,1177
6401,1176
6402,1176
6403,1175
6404,1175
6405,1174
6406,1174
6407,1173
6408,1173
6409,1172
6410,1171
6411,1170
6412,1170
6413,1169
6414,1168
6415,1167
6416,1166
6417,1165
6418,1165
6419,1164
6420,1163
6421,1162
6422,1161
6423,1160
6424,1159
6425,1157
6426,1156
6427,1155
6428,1154
6429,1153
6430,1152
6431,1150
6432,1149
6433,1148
6434,1147
6435,1145
6436,1144
6437,1143
6438,1141
6439,1140
6440,1139
6441,1137
6442,1136
6443,1135
6444,1133
6445,1132
6446,1130
6447,1129
6448,1127
6449,1126
6450,1124
6451,1123
6452,1121
6453,1120
6454,1118
6455,1117
6456,1115
6457,1114
6458,1112
6459,1111
6460,1109
6461,1108
6462,1106
6463,1104
6464,1103
6465,1101
6466,1100
6467,1098
6468,1096
6469,1095
6470,1093
6471,1092
6472,1090
6473,1089
6474,1087
6475,1085
6476,1084
6477,1082
6478,1081
6479,1079
6480,1078
6481,1076
6482,1074
6483,1073
6484,1071
6485,1070
6486,1068
6487,1067
6488,1065
6489,1064
6490,1062
6491,1061
6492,1059
6493,1058
6494,1056
6495,1055
6496,1054
6497,1052
6498,1051
6499,1049
6500,1048
6501,1047
6502,1045
6503,1044
6504,1043
6505,1042
6506,1040
6507,1039
6508,1038
6509,1037
6510,1035
6511,1034
6512,1033
6513,1032
6514,1031
6515,1030
6516,1029
6517,1028
6518,1027
6519,1026
6520,1025
6521,1024
6522,1023
6523,1022
6524,1021
6525,1021
6526,1020
6527,1019
6528,1018
6529,1018
6530,1017
6531,1016
6532,1016
6533,1015
6534,1015
6535,1014
6536,1014
6537,1013
6538,1013
6539,1013
6540,1012
6541,1012
6542,1012
6543,1012
6544,1012
6545,1011
6546,1011
6547,1011
6548,1011
6549,1011
6550,1011
6551,1011
6552,1011
6553,1012
6554,1012
6555,1012
6556,1012
6557,1013
6558,1013
6559,1013
6560,1014
6561,1014
6562,1014
6563,1015
6564,1015
6565,1016
6566,1017
6567,1017
6568,1018
6569,1018
6570,1019
6571,1020
6572,1021
6573,1021
6574,1022
6575,1023
6576,1024
6577,1025
6578,1026
6579,1026
6580,1027
6581,1028
6582,1029
6583,1030
6584,1031
6585,1032
6586,1033
6587,1034
6588,1035
6589,1036
6590,1037
6591,1039
6592,1040
6593,1041
6594,1042
6595,1043
6596,1044
6597,1045
6598,1046
6599,1047
6600,1048
6601,1050
6602,1051
6603,1052
6604,1053
6605,1054
6606,1055
6607,1056
6608,1058
6609,1059
6610,1060
6611,1061
6612,1062
6613,1063
6614,1064
6615,1065
6616,1067
6617,1068
6618,1069
6619,1070
6620,1071
6621,1072
6622,1073
6623,1074
6624,1075
6625,1076
6626,1077
6627,1078
6628,1080
6629,1081
6630,1082
6631,1083
6632,1084
6633,1085
6634,1086
6635,1087
6636,1088
6637,1089
6638,1090
6639,1091
6640,1092
6641,1093
6642,1094
6643,1095
6644,1096
6645,1097
6646,1098
6647,1099
6648,1100
6649,1101
6650,1102
6651,1103
6652,1103
6653,1104
6654,1105
6655,1106
6656,1107
6657,1108
6658,1109
6659,1110
6660,1111
6661,1112
6662,1113
6663,1114
6664,1115
6665,1116
6666,1117
6667,1118
6668,1119
6669,1119
6670,1120
6671,1121
6672,1122
6673,1123
6674,1124
6675,1125
6676,1126
6677,1127
6678,1128
6679,1129
6680,1130
6681,1131
6682,1132
6683,1133
6684,1134
6685,1135
6686,1136
6687,1136
6688,1137
6689,1138
6690,1139
6691,1140
6692,1141
6693,1142
6694,1143
6695,1144
6696,1145
6697,1146
6698,1147
6699,1148
6700,1149
6701,1150
6702,1151
6703,1152
6704,1152
6705,1153
6706,1154
6707,1155
6708,1156
6709,1157
6710,1158
6711,1159
6712,1160
6713,1160
6714,1161
6715,1162
6716,1163
6717,1164
6718,1164
6719,1165
6720,1166
6721,1167
6722,1168
6723,1168
6724,1169
6725,1170
6726,1170
6727,1171
6728,1172
6729,1172
6730,1173
6731,1173
6732,1174
6733,1174
6734,1175
6735,1175
6736,1176
6737,1176
6738,1177
6739,1177
6740,1178
6741,1178
6742,1178
6743,1178
6744,1179
6745,1179
6746,1179
6747,1179
6748,1179
6749,1179
6750,1180
6751,1180
6752,1180
6753,1180
6754,1180
6755,1179
6756,1179
6757,1179
6758,1179
6759,1179
6760,1179
6761,1178
6762,1178
6763,1178
6764,1177
6765,1177
6766,1177
6767,1176
6768,1176
6769,1175
6770,1175
6771,1174
6772,1173
6773,1173
6774,1172
6775,1171
6776,1171
6777,1170
6778,1169
6779,1168
6780,1167
6781,1167
6782,1166
6783,1165
6784,1164
6785,1163
6786,1162
6787,1161
6788,1160
6789,1159
6790,1158
6791,1157
6792,1155
6793,1154
6794,1153
6795,1152
6796,1151
6797,1150
6798,1148
6799,1147
6800,1146
6801,1144
6802,1143
6803,1142
6804,1140
6805,1139
6806,1138
6807,1136
6808,1135
6809,1134
6810,1132
6811,1131
6812,1129
6813,1128
6814,1126
6815,1125
6816,1123
6817,1122
6818,1120
6819,1119
6820,1117
6821,1116
6822,1114
6823,1113
6824,1111
6825,1109
6826,1108
6827,1106
6828,1105
6829,1103
6830,1102
6831,1100
6832,1098
6833,1097
6834,1095
6835,1094
6836,1092
6837,1091
6838,1089
6839,1087
6840,1086
6841,1084
6842,1083
6843,1081
6844,1079
6845,1078
6846,1076
6847,1075
6848,1073
6849,1072
6850,1070
6851,1069
6852,1067
6853,1066
6854,1064
6855,1063
6856,1061
6857,1060
6858,1058
6859,1057
6860,1055
6861,1054
6862,1053
6863,1051
6864,1050
6865,1048
6866,1047
6867,1046
6868,1044
6869,1043
6870,1042
6871,1041
6872,1039
6873,1038
6874,1037
6875,1036
6876,1035
6877,1033
6878,1032
6879,1031
6880,1030
6881,1029
6882,1028
6883,1027
6884,1026
6885,1025
6886,1024
6887,1023
6888,1022
6889,1022
6890,1021
6891,1020
6892,1019
6893,1019
6894,1018
6895,1017
6896,1017
6897,1016
6898,1015
6899,1015
6900,1014
6901,1014
6902,1014
6903,1013
6904,1013
6905,1013
6906,1012
6907,1012
6908,1012
6909,1012
6910,1011
6911,1011
6912,1011
6913,1011
6914,1011
6915,1011
6916,1011
6917,1011
6918,1012
6919,1012
6920,1012
6921,1012
6922,1012
6923,1013
6924,1013
6925,1013
6926,1014
6927,1014
6928,1015
6929,1015
6930,1016
6931,1016
6932,1017
6933,1018
6934,1018
6935,1019
6936,1020
6937,1020
6938,1021
6939,1022
6940,1023
6941,1024
6942,1024
6943,1025
6944,1026
6945,1027
6946,1028
6947,1029
6948,1030
6949,1031
6950,1032
6951,1033
6952,1034
6953,1035
6954,1036
6955,1037
6956,1038
6957,1039
6958,1040
6959,1042
6960,1043
6961,1044
6962,1045
6963,1046
6964,1047
6965,1048
6966,1049
6967,1050
6968,1052
6969,1053
6970,1054
6971,1055
6972,1056
6973,1057
6974,1058
6975,1060
6976,1061
6977,1062
6978,1063
6979,1064
6980,1065
6981,1066
6982,1067
6983,1068
6984,1070
6985,1071
6986,1072
6987,1073
6988,1074
6989,1075
6990,1076
6991,1077
6992,1078
6993,1079
6994,1080
6995,1081
6996,1082
6997,1083
6998,1084
6999,1086
7000,1087
7001,1088
7002,1089
7003,1090
7004,1091
7005,1092
7006,1093
7007,1094
7008,1095
7009,1096
7010,1096
7011,1097
7012,1098
7013,1099
7014,1100
7015,1101
7016,1102
7017,1103
7018,1104
7019,1105
7020,1106
7021,1107
7022,1108
7023,1109
7024,1110
7025,1111
7026,1112
7027,1113
7028,1114
7029,1115
7030,1116
7031,1116
7032,1117
7033,1118
7034,1119
7035,1120
7036,1121
7037,1122
7038,1123
7039,1124
7040,1125
7041,1126
7042,1127
7043,1128
7044,1129
7045,1130
7046,1131
7047,1132
7048,1132
7049,1133
7050,1134
7051,1135
7052,1136
7053,1137
7054,1138
7055,1139
7056,1140
7057,1141
7058,1142
7059,1143
7060,1144
7061,1145
7062,1146
7063,1147
7064,1148
7065,1149
7066,1149
7067,1150
7068,1151
7069,1152
7070,1153
7071,1154
7072,1155
7073,1156
7074,1157
7075,1158
7076,1158
7077,1159
7078,1160
7079,1161
7080,1162
7081,1163
7082,1163
7083,1164
7084,1165
7085,1166
7086,1167
7087,1167
7088,1168
7089,1169
7090,1169
7091,1170
7092,1171
7093,1171
7094,1172
7095,1173
7096,1173
7097,1174
7098,1174
7099,1175
7100,1175
7101,1176
7102,1176
7103,1177
7104,1177
7105,1177
7106,1178
7107,1178
7108,1178
7109,1179
7110,1179
7111,1179
7112,1179
7113,1179
7114,1179
7115,1180
7116,1180
7117,1180
7118,1180
7119,1180
7120,1180
7121,1179
7122,1179
7123,1179
7124,1179
7125,1179
7126,1178
7127,1178
7128,1178
7129,1177
7130,1177
7131,1177
7132,1176
7133,1176
7134,1175
7135,1175
7136,1174
7137,1173
7138,1173
7139,1172
7140,1171
7141,1171
7142,1170
7143,1169
7144,1168
7145,1168
7146,1167
7147,1166
7148,1165
7149,1164
7150,1163
7151,1162
7152,1161
7153,1160
7154,1159
7155,1158
7156,1157
7157,1156
7158,1155
7159,1153
7160,1152
7161,1151
7162,1150
7163,1149
7164,1147
7165,1146
7166,1145
7167,1143
7168,1142
7169,1141
7170,1139
7171,1138
7172,1137
7173,1135
7174,1134
7175,1132
7176,1131
7177,1130
7178,1128
7179,1127
7180,1125
7181,1124
7182,1122
7183,1121
7184,1119
7185,1118
7186,1116
7187,1114
7188,1113
7189,1111
7190,1110
7191,1108
7192,1107
7193,1105
7194,1104
7195,1102
7196,1100
7197,1099
7198,1097
7199,1096
7200,1094
7201,1092
7202,1091
7203,1089
7204,1088
7205,1086
7206,1085
7207,1083
7208,1081
7209,1080
7210,1078
7211,1077
7212,1075
7213,1074
7214,1072
7215,1071
7216,1069
7217,1068
7218,1066
7219,1064
7220,1063
7221,1062
7222,1060
7223,1059
7224,1057
7225,1056
7226,1054
7227,1053
7228,1051
7229,1050
7230,1049
7231,1047
7232,1046
7233,1045
7234,1043
7235,1042
7236,1041
7237,1040
7238,1038
7239,1037
7240,1036
7241,1035
7242,1034
7243,1033
7244,1031
7245,1030
7246,1029
7247,1028
7248,1027
7249,1026
7250,1025
7251,1024
7252,1024
7253,1023
7254,1022
7255,1021
7256,1020
7257,1020
7258,1019
7259,1018
7260,1017
7261,1017
7262,1016
7263,1016
7264,1015
7265,1015
7266,1014
7267,1014
7268,1013
7269,1013
7270,1013
7271,1012
7272,1012
7273,1012
7274,1012
7275,1011
7276,1011
7277,1011
7278,1011
7279,1011
7280,1011
7281,1011
7282,1011
7283,1012
7284,1012
7285,1012
7286,1012
7287,1012
7288,1013
7289,1013
7290,1013
7291,1014
7292,1014
7293,1015
7294,1015
7295,1016
7296,1016
7297,1017
7298,1018
7299,1018
7300,1019
7301,1020
7302,1020
7303,1021
7304,1022
